id;fecha;año;mes;dia;coste;recuento personal;project key distintas;issue summary distintas;issue key distintas;activity name distintas;horas;recuento de issues;recuento reporter;issues con parent key;issue type distintos
1;01/01/2019;2019;enero;1;43.75;1.00;1.00;1.00;1.00;1.00;0.50;1.00;1.00;0.00;1.00
2;02/01/2019;2019;enero;2;8621.88;17.00;7.00;27.00;27.00;10.00;129.50;31.00;17.00;4.00;6.00
3;03/01/2019;2019;enero;3;8184.38;18.00;8.00;28.00;28.00;10.00;124.30;32.00;15.00;1.00;6.00
4;04/01/2019;2019;enero;4;11135.00;22.00;9.00;35.00;36.00;16.00;174.00;42.00;21.00;3.00;5.00
5;05/01/2019;2019;enero;5;2093.75;5.00;3.00;8.00;8.00;3.00;31.00;8.00;5.00;0.00;3.00
6;07/01/2019;2019;enero;7;10881.25;23.00;14.00;47.00;47.00;17.00;169.00;56.00;21.00;11.00;5.00
7;08/01/2019;2019;enero;8;6887.50;13.00;7.00;33.00;33.00;13.00;110.00;35.00;15.00;8.00;5.00
8;10/01/2019;2019;enero;10;13027.08;25.00;15.00;59.00;60.00;31.00;196.80;68.00;25.00;14.00;5.00
9;11/01/2019;2019;enero;11;2100.00;3.00;6.00;10.00;10.00;8.00;24.00;10.00;7.00;2.00;4.00
10;14/01/2019;2019;enero;14;9064.38;17.00;9.00;33.00;33.00;12.00;134.80;36.00;16.00;4.00;5.00
11;15/01/2019;2019;enero;15;8226.88;15.00;11.00;27.00;27.00;15.00;119.30;28.00;13.00;4.00;6.00
12;16/01/2019;2019;enero;16;8151.88;16.00;9.00;30.00;30.00;14.00;120.80;30.00;14.00;5.00;6.00
13;17/01/2019;2019;enero;17;7618.75;14.00;8.00;25.00;25.00;11.00;110.50;26.00;16.00;5.00;6.00
14;18/01/2019;2019;enero;18;7778.13;15.00;10.00;25.00;25.00;14.00;112.50;26.00;17.00;3.00;6.00
15;21/01/2019;2019;enero;21;8400.00;16.00;9.00;29.00;29.00;14.00;125.50;30.00;17.00;3.00;6.00
16;22/01/2019;2019;enero;22;8673.13;16.00;6.00;25.00;25.00;7.00;129.80;26.00;15.00;5.00;6.00
17;23/01/2019;2019;enero;23;8528.13;17.00;9.00;33.00;33.00;11.00;126.80;34.00;16.00;9.00;6.00
18;24/01/2019;2019;enero;24;9248.13;17.00;11.00;32.00;32.00;15.00;136.50;34.00;15.00;5.00;6.00
19;25/01/2019;2019;enero;25;8925.00;18.00;9.00;30.00;30.00;15.00;133.00;31.00;18.00;4.00;6.00
20;28/01/2019;2019;enero;28;9350.63;18.00;8.00;29.00;29.00;14.00;138.50;29.00;17.00;5.00;6.00
21;29/01/2019;2019;enero;29;8483.13;17.00;8.00;32.00;32.00;15.00;129.80;34.00;19.00;5.00;6.00
22;30/01/2019;2019;enero;30;9683.13;18.00;8.00;31.00;31.00;13.00;141.50;35.00;17.00;3.00;6.00
23;31/01/2019;2019;enero;31;8628.13;17.00;7.00;30.00;30.00;14.00;130.50;34.00;16.00;3.00;5.00
24;01/02/2019;2019;febrero;1;4506.25;8.00;6.00;19.00;19.00;9.00;67.50;22.00;13.00;3.00;5.00
25;04/02/2019;2019;febrero;4;11665.63;23.00;12.00;38.00;39.00;18.00;178.80;44.00;21.00;3.00;5.00
26;05/02/2019;2019;febrero;5;5625.00;12.00;5.00;21.00;21.00;6.00;90.00;24.00;9.00;2.00;5.00
27;07/02/2019;2019;febrero;7;11568.75;22.00;12.00;40.00;40.00;14.00;175.50;50.00;14.00;13.00;5.00
28;08/02/2019;2019;febrero;8;6631.25;14.00;6.00;29.00;29.00;11.00;105.50;33.00;11.00;5.00;5.00
29;09/02/2019;2019;febrero;9;11025.00;20.00;14.00;42.00;42.00;22.00;157.50;47.00;22.00;8.00;5.00
30;10/02/2019;2019;febrero;10;13731.25;25.00;14.00;51.00;51.00;24.00;204.00;53.00;24.00;12.00;5.00
31;12/02/2019;2019;febrero;12;13218.75;30.00;14.00;50.00;50.00;25.00;216.30;59.00;30.00;10.00;5.00
32;13/02/2019;2019;febrero;13;10190.63;18.00;6.00;38.00;38.00;13.00;150.80;43.00;15.00;8.00;5.00
33;14/02/2019;2019;febrero;14;8756.25;16.00;5.00;35.00;35.00;11.00;131.00;37.00;15.00;9.00;5.00
34;15/02/2019;2019;febrero;15;8957.50;15.00;6.00;26.00;26.00;10.00;132.50;28.00;10.00;10.00;5.00
35;16/02/2019;2019;febrero;16;337.50;2.00;1.00;2.00;2.00;1.00;4.00;2.00;1.00;0.00;2.00
36;17/02/2019;2019;febrero;17;225.00;1.00;1.00;1.00;1.00;1.00;3.00;1.00;1.00;0.00;1.00
37;18/02/2019;2019;febrero;18;8112.50;14.00;5.00;33.00;33.00;10.00;124.50;37.00;10.00;11.00;5.00
38;19/02/2019;2019;febrero;19;8912.50;15.00;5.00;32.00;32.00;9.00;131.30;36.00;14.00;8.00;5.00
39;20/02/2019;2019;febrero;20;9131.25;15.00;5.00;37.00;37.00;10.00;134.80;39.00;14.00;9.00;5.00
40;21/02/2019;2019;febrero;21;7806.25;16.00;6.00;32.00;32.00;10.00;117.80;36.00;15.00;4.00;5.00
41;22/02/2019;2019;febrero;22;8271.25;15.00;7.00;24.00;24.00;9.00;117.80;25.00;15.00;3.00;5.00
42;24/02/2019;2019;febrero;24;350.00;1.00;1.00;1.00;1.00;1.00;4.00;1.00;1.00;0.00;1.00
43;25/02/2019;2019;febrero;25;9984.38;18.00;6.00;44.00;44.00;11.00;147.00;48.00;15.00;4.00;5.00
44;26/02/2019;2019;febrero;26;10331.25;18.00;6.00;32.00;32.00;11.00;151.00;36.00;14.00;6.00;6.00
45;27/02/2019;2019;febrero;27;8450.00;17.00;5.00;34.00;34.00;11.00;128.80;37.00;14.00;5.00;6.00
46;28/02/2019;2019;febrero;28;7740.63;15.00;7.00;24.00;24.00;10.00;116.30;29.00;11.00;1.00;6.00
47;01/03/2019;2019;marzo;1;4350.00;8.00;5.00;14.00;14.00;7.00;66.00;15.00;8.00;1.00;5.00
48;03/03/2019;2019;marzo;3;350.00;1.00;1.00;2.00;2.00;1.00;4.00;2.00;1.00;0.00;2.00
49;04/03/2019;2019;marzo;4;11130.63;22.00;9.00;37.00;38.00;14.00;173.30;45.00;23.00;2.00;5.00
50;05/03/2019;2019;marzo;5;8981.25;16.00;6.00;29.00;29.00;9.00;133.50;35.00;16.00;4.00;6.00
51;06/03/2019;2019;marzo;6;12375.00;24.00;10.00;47.00;47.00;15.00;187.50;55.00;18.00;14.00;6.00
52;07/03/2019;2019;marzo;7;10712.50;21.00;12.00;46.00;46.00;17.00;164.50;56.00;14.00;9.00;6.00
53;08/03/2019;2019;marzo;8;437.50;1.00;1.00;1.00;1.00;1.00;7.00;1.00;1.00;1.00;1.00
54;09/03/2019;2019;marzo;9;10843.75;20.00;15.00;47.00;47.00;26.00;156.00;52.00;25.00;8.00;6.00
55;10/03/2019;2019;marzo;10;11768.75;23.00;13.00;48.00;48.00;21.00;181.50;53.00;24.00;14.00;5.00
56;12/03/2019;2019;marzo;12;13431.25;30.00;16.00;55.00;55.00;28.00;221.80;67.00;29.00;18.00;6.00
57;13/03/2019;2019;marzo;13;10071.25;20.00;8.00;33.00;33.00;12.00;150.00;37.00;15.00;5.00;5.00
58;14/03/2019;2019;marzo;14;10015.63;19.00;8.00;41.00;41.00;15.00;148.30;42.00;17.00;10.00;5.00
59;15/03/2019;2019;marzo;15;9011.88;19.00;8.00;36.00;36.00;14.00;132.50;37.00;18.00;5.00;5.00
60;18/03/2019;2019;marzo;18;9894.38;19.00;10.00;39.00;39.00;15.00;146.00;45.00;21.00;7.00;5.00
61;19/03/2019;2019;marzo;19;10036.88;18.00;9.00;42.00;42.00;17.00;148.30;48.00;17.00;14.00;5.00
62;20/03/2019;2019;marzo;20;9681.25;19.00;8.00;37.00;37.00;14.00;145.50;39.00;18.00;10.00;5.00
63;21/03/2019;2019;marzo;21;10568.75;19.00;8.00;40.00;40.00;13.00;155.50;46.00;17.00;16.00;5.00
64;22/03/2019;2019;marzo;22;10525.00;19.00;8.00;36.00;36.00;11.00;154.50;39.00;21.00;6.00;5.00
65;25/03/2019;2019;marzo;25;11898.75;22.00;9.00;36.00;38.00;18.00;175.50;42.00;19.00;3.00;5.00
66;26/03/2019;2019;marzo;26;11862.50;22.00;11.00;33.00;35.00;14.00;175.50;37.00;20.00;3.00;5.00
67;27/03/2019;2019;marzo;27;12286.88;21.00;11.00;48.00;49.00;16.00;181.00;60.00;21.00;3.00;5.00
68;28/03/2019;2019;marzo;28;11037.50;21.00;10.00;44.00;45.00;19.00;163.50;54.00;21.00;9.00;5.00
69;29/03/2019;2019;marzo;29;10700.00;21.00;9.00;39.00;39.00;16.00;157.50;44.00;18.00;8.00;5.00
70;01/04/2019;2019;abril;1;4737.50;9.00;7.00;19.00;19.00;8.00;68.00;20.00;12.00;0.00;4.00
71;02/04/2019;2019;abril;2;8534.38;16.00;6.00;25.00;25.00;10.00;125.80;29.00;14.00;2.00;6.00
72;03/04/2019;2019;abril;3;9243.75;18.00;7.00;34.00;34.00;11.00;138.50;36.00;15.00;1.00;6.00
73;04/04/2019;2019;abril;4;12577.71;25.00;11.00;47.00;48.00;18.00;189.30;52.00;25.00;4.00;5.00
74;05/04/2019;2019;abril;5;590.63;4.00;1.00;5.00;5.00;2.00;9.80;7.00;4.00;5.00;2.00
75;06/04/2019;2019;abril;6;12389.38;24.00;10.00;41.00;41.00;14.00;188.00;47.00;18.00;5.00;5.00
76;07/04/2019;2019;abril;7;10371.88;21.00;13.00;47.00;47.00;19.00;159.50;60.00;16.00;13.00;5.00
77;09/04/2019;2019;abril;9;10362.50;20.00;15.00;50.00;50.00;25.00;150.50;59.00;24.00;10.00;6.00
78;10/04/2019;2019;abril;10;12456.25;24.00;11.00;46.00;46.00;20.00;189.80;55.00;21.00;15.00;5.00
79;11/04/2019;2019;abril;11;12500.00;25.00;15.00;62.00;64.00;30.00;193.30;72.00;19.00;7.00;6.00
80;12/04/2019;2019;abril;12;12732.50;29.00;12.00;55.00;56.00;22.00;213.00;70.00;26.00;19.00;6.00
81;13/04/2019;2019;abril;13;1543.75;7.00;1.00;8.00;8.00;2.00;24.50;11.00;5.00;0.00;3.00
82;15/04/2019;2019;abril;15;11956.25;21.00;8.00;63.00;63.00;14.00;181.50;69.00;22.00;1.00;5.00
83;16/04/2019;2019;abril;16;12968.75;22.00;10.00;45.00;46.00;13.00;199.50;55.00;19.00;3.00;5.00
84;17/04/2019;2019;abril;17;10881.25;20.00;11.00;40.00;40.00;18.00;169.00;44.00;19.00;5.00;5.00
85;18/04/2019;2019;abril;18;3437.50;5.00;6.00;12.00;12.00;7.00;39.00;12.00;7.00;0.00;3.00
86;19/04/2019;2019;abril;19;437.50;1.00;2.00;2.00;2.00;2.00;7.00;2.00;1.00;0.00;1.00
87;22/04/2019;2019;abril;22;6809.38;13.00;10.00;26.00;26.00;14.00;104.50;27.00;15.00;0.00;4.00
88;23/04/2019;2019;abril;23;11562.50;23.00;12.00;45.00;46.00;19.00;178.80;52.00;22.00;7.00;6.00
89;24/04/2019;2019;abril;24;11981.88;23.00;10.00;33.00;34.00;14.00;185.30;38.00;17.00;3.00;6.00
90;25/04/2019;2019;abril;25;12002.50;23.00;11.00;35.00;37.00;16.00;187.50;47.00;18.00;4.00;5.00
91;26/04/2019;2019;abril;26;11062.50;21.00;10.00;38.00;38.00;14.00;168.80;43.00;18.00;4.00;5.00
92;29/04/2019;2019;abril;29;12650.00;23.00;10.00;40.00;40.00;13.00;188.80;50.00;18.00;9.00;5.00
93;30/04/2019;2019;abril;30;12219.38;23.00;11.00;46.00;47.00;14.00;189.30;56.00;19.00;7.00;5.00
94;02/05/2019;2019;mayo;2;7812.50;16.00;5.00;30.00;30.00;11.00;118.30;34.00;13.00;5.00;6.00
95;03/05/2019;2019;mayo;3;9153.13;17.00;9.00;38.00;38.00;15.00;136.80;43.00;17.00;2.00;6.00
96;04/05/2019;2019;mayo;4;12946.88;24.00;12.00;52.00;53.00;21.00;192.30;56.00;23.00;7.00;6.00
97;05/05/2019;2019;mayo;5;453.13;5.00;1.00;5.00;5.00;2.00;7.30;5.00;4.00;1.00;3.00
98;06/05/2019;2019;mayo;6;12676.88;24.00;10.00;38.00;38.00;16.00;192.80;43.00;18.00;6.00;5.00
99;07/05/2019;2019;mayo;7;10500.00;20.00;12.00;47.00;47.00;18.00;158.50;51.00;14.00;8.00;5.00
100;08/05/2019;2019;mayo;8;7406.25;14.00;6.00;32.00;32.00;14.00;112.50;35.00;11.00;6.00;5.00
101;09/05/2019;2019;mayo;9;9881.25;19.00;13.00;47.00;47.00;24.00;144.30;51.00;17.00;16.00;6.00
102;11/05/2019;2019;mayo;11;12700.63;25.00;16.00;59.00;62.00;30.00;195.80;69.00;22.00;14.00;6.00
103;12/05/2019;2019;mayo;12;12852.50;28.00;12.00;52.00;56.00;22.00;209.00;62.00;24.00;25.00;5.00
104;13/05/2019;2019;mayo;13;12146.88;24.00;10.00;51.00;51.00;21.00;182.30;60.00;18.00;5.00;5.00
105;14/05/2019;2019;mayo;14;11150.00;21.00;9.00;50.00;50.00;13.00;169.50;66.00;17.00;5.00;6.00
106;15/05/2019;2019;mayo;15;6906.25;14.00;6.00;29.00;29.00;10.00;102.00;33.00;14.00;4.00;4.00
107;16/05/2019;2019;mayo;16;12100.00;24.00;11.00;46.00;46.00;17.00;184.30;57.00;20.00;3.00;6.00
108;17/05/2019;2019;mayo;17;12236.25;23.00;9.00;40.00;40.00;15.00;184.00;50.00;21.00;0.00;3.00
109;18/05/2019;2019;mayo;18;2387.50;7.00;4.00;10.00;10.00;4.00;33.50;12.00;6.00;0.00;5.00
110;19/05/2019;2019;mayo;19;1187.50;6.00;2.00;3.00;3.00;2.00;18.00;7.00;3.00;0.00;3.00
111;20/05/2019;2019;mayo;20;12773.75;24.00;11.00;58.00;58.00;20.00;193.80;63.00;20.00;11.00;6.00
112;21/05/2019;2019;mayo;21;12772.50;24.00;14.00;62.00;62.00;23.00;194.50;67.00;24.00;16.00;6.00
113;22/05/2019;2019;mayo;22;12362.25;24.00;11.00;65.00;65.00;20.00;187.50;73.00;20.00;31.00;5.00
114;23/05/2019;2019;mayo;23;12431.88;24.00;11.00;54.00;54.00;18.00;189.30;59.00;22.00;19.00;5.00
115;24/05/2019;2019;mayo;24;11056.25;22.00;9.00;34.00;34.00;13.00;166.50;38.00;17.00;10.00;5.00
116;25/05/2019;2019;mayo;25;75.00;1.00;1.00;1.00;1.00;1.00;1.00;1.00;1.00;1.00;1.00
117;27/05/2019;2019;mayo;27;12103.13;23.00;11.00;42.00;43.00;18.00;181.00;49.00;22.00;5.00;5.00
118;28/05/2019;2019;mayo;28;11968.75;23.00;11.00;51.00;51.00;16.00;179.50;56.00;19.00;5.00;5.00
119;29/05/2019;2019;mayo;29;12656.88;24.00;10.00;51.00;51.00;14.00;190.80;58.00;22.00;5.00;5.00
120;30/05/2019;2019;mayo;30;9878.75;21.00;6.00;31.00;31.00;11.00;161.50;35.00;15.00;6.00;5.00
121;31/05/2019;2019;mayo;31;7522.50;15.00;8.00;23.00;23.00;10.00;115.00;27.00;13.00;1.00;4.00
122;02/06/2019;2019;junio;2;8025.00;17.00;8.00;24.00;24.00;11.00;120.50;26.00;13.00;6.00;5.00
123;03/06/2019;2019;junio;3;9478.13;18.00;8.00;38.00;38.00;15.00;142.30;43.00;19.00;2.00;6.00
124;05/06/2019;2019;junio;5;12890.63;23.00;6.00;48.00;49.00;14.00;194.80;63.00;19.00;17.00;6.00
125;06/06/2019;2019;junio;6;12065.63;23.00;11.00;45.00;45.00;16.00;179.80;49.00;17.00;10.00;5.00
126;08/06/2019;2019;junio;8;7400.00;14.00;7.00;33.00;33.00;13.00;112.00;34.00;17.00;5.00;5.00
127;09/06/2019;2019;junio;9;9843.75;19.00;16.00;60.00;60.00;24.00;140.50;63.00;18.00;16.00;6.00
128;11/06/2019;2019;junio;11;11723.75;24.00;15.00;61.00;64.00;29.00;187.50;80.00;19.00;16.00;6.00
129;12/06/2019;2019;junio;12;3187.50;5.00;5.00;13.00;16.00;8.00;37.00;16.00;6.00;7.00;4.00
130;13/06/2019;2019;junio;13;11375.00;23.00;10.00;41.00;41.00;16.00;175.30;49.00;18.00;8.00;5.00
131;14/06/2019;2019;junio;14;11830.00;23.00;12.00;51.00;51.00;18.00;179.00;57.00;19.00;10.00;5.00
132;15/06/2019;2019;junio;15;75.00;1.00;1.00;1.00;1.00;1.00;1.00;1.00;1.00;0.00;1.00
133;17/06/2019;2019;junio;17;11193.75;21.00;9.00;37.00;37.00;16.00;169.30;41.00;19.00;10.00;5.00
134;18/06/2019;2019;junio;18;11757.50;23.00;11.00;49.00;49.00;17.00;177.30;53.00;19.00;15.00;5.00
135;19/06/2019;2019;junio;19;11150.00;22.00;8.00;41.00;41.00;11.00;167.50;51.00;16.00;9.00;5.00
136;20/06/2019;2019;junio;20;8412.50;15.00;8.00;39.00;39.00;13.00;120.00;40.00;18.00;8.00;5.00
137;21/06/2019;2019;junio;21;10775.00;21.00;11.00;47.00;47.00;17.00;164.50;49.00;19.00;7.00;5.00
138;23/06/2019;2019;junio;23;75.00;1.00;1.00;1.00;1.00;1.00;1.00;1.00;1.00;0.00;1.00
139;24/06/2019;2019;junio;24;10643.75;21.00;9.00;40.00;40.00;14.00;165.50;47.00;19.00;9.00;5.00
140;25/06/2019;2019;junio;25;11700.00;22.00;10.00;47.00;47.00;14.00;176.50;51.00;20.00;12.00;5.00
141;26/06/2019;2019;junio;26;12287.50;21.00;9.00;53.00;53.00;16.00;181.50;61.00;17.00;11.00;5.00
142;27/06/2019;2019;junio;27;11187.50;21.00;11.00;47.00;47.00;14.00;167.50;55.00;20.00;12.00;5.00
143;28/06/2019;2019;junio;28;10925.00;21.00;11.00;42.00;42.00;17.00;164.50;49.00;16.00;7.00;5.00
144;01/07/2019;2019;julio;1;1975.00;3.00;4.00;5.00;5.00;4.00;21.00;5.00;4.00;0.00;2.00
145;02/07/2019;2019;julio;2;7721.88;15.00;5.00;30.00;30.00;8.00;113.80;30.00;12.00;4.00;5.00
146;03/07/2019;2019;julio;3;9137.50;17.00;8.00;31.00;31.00;13.00;135.00;33.00;17.00;1.00;6.00
147;04/07/2019;2019;julio;4;262.50;1.00;1.00;1.00;1.00;1.00;3.00;1.00;1.00;0.00;1.00
148;05/07/2019;2019;julio;5;12214.38;23.00;10.00;49.00;49.00;19.00;184.30;58.00;23.00;5.00;6.00
149;06/07/2019;2019;julio;6;12540.00;24.00;12.00;53.00;53.00;18.00;188.50;62.00;21.00;8.00;5.00
150;08/07/2019;2019;julio;8;6931.25;14.00;7.00;30.00;30.00;15.00;107.50;31.00;13.00;8.00;5.00
151;09/07/2019;2019;julio;9;350.00;2.00;1.00;3.00;3.00;2.00;5.00;4.00;3.00;0.00;2.00
152;10/07/2019;2019;julio;10;12822.50;26.00;13.00;59.00;60.00;19.00;198.50;68.00;21.00;25.00;5.00
153;11/07/2019;2019;julio;11;12595.00;25.00;18.00;65.00;67.00;35.00;196.00;73.00;29.00;16.00;6.00
154;12/07/2019;2019;julio;12;262.50;1.00;1.00;1.00;1.00;1.00;3.00;1.00;1.00;0.00;1.00
155;15/07/2019;2019;julio;15;6215.63;12.00;9.00;39.00;39.00;9.00;95.80;42.00;12.00;5.00;5.00
156;16/07/2019;2019;julio;16;7571.88;15.00;7.00;28.00;28.00;12.00;114.80;29.00;16.00;7.00;5.00
157;17/07/2019;2019;julio;17;8265.63;16.00;11.00;38.00;38.00;16.00;122.30;41.00;16.00;9.00;4.00
158;18/07/2019;2019;julio;18;8037.50;16.00;7.00;34.00;34.00;12.00;125.00;41.00;17.00;8.00;4.00
159;19/07/2019;2019;julio;19;8309.38;16.00;4.00;36.00;36.00;11.00;126.30;43.00;16.00;7.00;5.00
160;22/07/2019;2019;julio;22;9084.38;17.00;7.00;34.00;34.00;12.00;137.80;40.00;14.00;8.00;4.00
161;23/07/2019;2019;julio;23;9240.63;18.00;6.00;31.00;31.00;13.00;142.30;37.00;15.00;4.00;4.00
162;24/07/2019;2019;julio;24;8900.00;17.00;7.00;42.00;42.00;14.00;139.50;47.00;18.00;11.00;5.00
163;25/07/2019;2019;julio;25;9328.13;17.00;8.00;42.00;42.00;14.00;142.30;46.00;19.00;9.00;5.00
164;26/07/2019;2019;julio;26;9187.50;17.00;6.00;36.00;36.00;10.00;137.00;42.00;17.00;6.00;5.00
165;27/07/2019;2019;julio;27;562.50;1.00;1.00;1.00;1.00;1.00;9.00;1.00;1.00;1.00;1.00
166;28/07/2019;2019;julio;28;687.50;1.00;1.00;1.00;1.00;1.00;11.00;1.00;1.00;1.00;1.00
167;29/07/2019;2019;julio;29;6556.25;13.00;6.00;23.00;23.00;10.00;104.50;24.00;13.00;7.00;5.00
168;30/07/2019;2019;julio;30;6881.25;13.00;8.00;25.00;25.00;12.00;111.00;26.00;14.00;7.00;4.00
169;31/07/2019;2019;julio;31;6628.13;14.00;6.00;23.00;23.00;10.00;105.30;25.00;12.00;6.00;5.00
170;01/08/2019;2019;agosto;1;8848.75;16.00;11.00;48.00;48.00;18.00;129.00;49.00;21.00;9.00;5.00
171;02/08/2019;2019;agosto;2;7271.88;15.00;5.00;33.00;33.00;8.00;111.80;36.00;15.00;6.00;5.00
172;03/08/2019;2019;agosto;3;8415.63;16.00;7.00;38.00;38.00;15.00;119.50;40.00;17.00;5.00;5.00
173;04/08/2019;2019;agosto;4;13291.25;24.00;7.00;60.00;60.00;17.00;201.00;68.00;21.00;7.00;6.00
174;05/08/2019;2019;agosto;5;12422.50;24.00;10.00;44.00;44.00;20.00;189.00;57.00;19.00;6.00;5.00
175;07/08/2019;2019;agosto;7;9484.38;19.00;11.00;37.00;37.00;16.00;147.80;40.00;14.00;7.00;5.00
176;08/08/2019;2019;agosto;8;7243.75;14.00;8.00;29.00;29.00;14.00;110.00;33.00;12.00;6.00;5.00
177;10/08/2019;2019;agosto;10;13655.00;27.00;15.00;58.00;61.00;27.00;209.00;68.00;24.00;20.00;5.00
178;11/08/2019;2019;agosto;11;11460.00;24.00;17.00;54.00;55.00;31.00;176.30;60.00;24.00;12.00;5.00
179;12/08/2019;2019;agosto;12;262.50;1.00;1.00;1.00;1.00;1.00;3.00;1.00;1.00;0.00;1.00
180;13/08/2019;2019;agosto;13;7478.33;13.00;8.00;37.00;37.00;13.00;110.30;40.00;15.00;5.00;5.00
181;14/08/2019;2019;agosto;14;6999.58;13.00;8.00;32.00;32.00;17.00;103.70;36.00;12.00;6.00;4.00
182;15/08/2019;2019;agosto;15;1700.00;2.00;2.00;4.00;4.00;2.00;18.00;5.00;2.00;0.00;1.00
183;16/08/2019;2019;agosto;16;4743.75;8.00;8.00;19.00;19.00;11.00;66.50;19.00;11.00;2.00;4.00
184;18/08/2019;2019;agosto;18;250.00;1.00;1.00;1.00;1.00;1.00;4.00;1.00;1.00;0.00;1.00
185;19/08/2019;2019;agosto;19;6256.25;12.00;9.00;33.00;33.00;15.00;95.00;35.00;12.00;3.00;4.00
186;20/08/2019;2019;agosto;20;6287.50;12.00;9.00;31.00;31.00;12.00;93.80;36.00;13.00;7.00;5.00
187;21/08/2019;2019;agosto;21;7122.92;13.00;10.00;26.00;26.00;13.00;103.60;35.00;13.00;7.00;5.00
188;22/08/2019;2019;agosto;22;5062.50;10.00;7.00;21.00;21.00;11.00;73.30;23.00;8.00;4.00;4.00
189;23/08/2019;2019;agosto;23;6843.75;13.00;8.00;42.00;42.00;14.00;97.50;47.00;16.00;8.00;5.00
190;26/08/2019;2019;agosto;26;8818.75;17.00;12.00;33.00;33.00;18.00;132.50;39.00;18.00;6.00;4.00
191;27/08/2019;2019;agosto;27;11131.25;20.00;13.00;40.00;40.00;23.00;161.80;56.00;21.00;9.00;4.00
192;28/08/2019;2019;agosto;28;10437.50;20.00;12.00;39.00;39.00;20.00;154.00;47.00;20.00;11.00;5.00
193;29/08/2019;2019;agosto;29;10181.25;19.00;11.00;35.00;35.00;21.00;151.50;40.00;19.00;9.00;5.00
194;30/08/2019;2019;agosto;30;10393.75;19.00;11.00;35.00;35.00;20.00;155.50;46.00;21.00;6.00;5.00
195;01/09/2019;2019;septiembre;1;8733.13;17.00;10.00;39.00;39.00;18.00;132.00;48.00;17.00;5.00;6.00
196;04/09/2019;2019;septiembre;4;12534.38;24.00;9.00;54.00;54.00;14.00;190.00;59.00;24.00;2.00;5.00
197;05/09/2019;2019;septiembre;5;12403.13;25.00;11.00;50.00;50.00;22.00;188.50;58.00;21.00;5.00;5.00
198;07/09/2019;2019;septiembre;7;10531.25;21.00;12.00;42.00;42.00;16.00;161.50;47.00;17.00;9.00;5.00
199;08/09/2019;2019;septiembre;8;6264.58;13.00;7.00;38.00;38.00;14.00;95.80;39.00;12.00;19.00;4.00
200;09/09/2019;2019;septiembre;9;10825.00;21.00;13.00;43.00;43.00;23.00;161.80;47.00;20.00;13.00;6.00
201;10/09/2019;2019;septiembre;10;12315.00;26.00;12.00;59.00;61.00;22.00;196.50;67.00;22.00;21.00;5.00
202;12/09/2019;2019;septiembre;12;8087.50;17.00;10.00;26.00;26.00;14.00;128.30;29.00;16.00;9.00;5.00
203;13/09/2019;2019;septiembre;13;10831.25;21.00;15.00;62.00;63.00;24.00;163.30;72.00;22.00;15.00;5.00
204;16/09/2019;2019;septiembre;16;10081.25;20.00;11.00;42.00;42.00;21.00;154.30;49.00;20.00;9.00;5.00
205;17/09/2019;2019;septiembre;17;10150.00;19.00;13.00;45.00;45.00;23.00;152.50;49.00;18.00;7.00;5.00
206;18/09/2019;2019;septiembre;18;10406.25;20.00;11.00;45.00;45.00;20.00;160.00;48.00;22.00;9.00;6.00
207;19/09/2019;2019;septiembre;19;11001.25;21.00;10.00;60.00;60.00;19.00;167.90;66.00;19.00;9.00;6.00
208;20/09/2019;2019;septiembre;20;9362.50;19.00;12.00;51.00;51.00;24.00;142.50;56.00;22.00;5.00;6.00
209;23/09/2019;2019;septiembre;23;11900.50;23.00;14.00;55.00;56.00;26.00;178.00;61.00;26.00;9.00;6.00
210;24/09/2019;2019;septiembre;24;12250.00;24.00;14.00;53.00;54.00;21.00;183.30;63.00;22.00;14.00;5.00
211;25/09/2019;2019;septiembre;25;12958.33;25.00;14.00;61.00;62.00;25.00;195.30;66.00;25.00;12.00;5.00
212;26/09/2019;2019;septiembre;26;13431.25;25.00;12.00;47.00;48.00;22.00;200.00;57.00;24.00;14.00;6.00
213;27/09/2019;2019;septiembre;27;12231.25;23.00;13.00;48.00;49.00;20.00;179.30;53.00;20.00;11.00;6.00
214;30/09/2019;2019;septiembre;30;12475.00;25.00;15.00;56.00;56.00;27.00;189.50;57.00;22.00;17.00;5.00
215;01/10/2019;2019;octubre;1;9052.50;17.00;9.00;33.00;33.00;14.00;136.50;33.00;15.00;4.00;6.00
216;04/10/2019;2019;octubre;4;14121.88;24.00;8.00;52.00;53.00;12.00;213.80;65.00;22.00;4.00;5.00
217;05/10/2019;2019;octubre;5;11868.75;24.00;11.00;41.00;41.00;19.00;183.30;47.00;21.00;2.00;6.00
218;06/10/2019;2019;octubre;6;7942.50;16.00;7.00;23.00;23.00;11.00;118.00;25.00;13.00;3.00;5.00
219;07/10/2019;2019;octubre;7;9956.25;20.00;10.00;38.00;38.00;15.00;152.50;42.00;14.00;7.00;6.00
220;09/10/2019;2019;octubre;9;11331.25;22.00;15.00;52.00;52.00;22.00;171.50;54.00;19.00;12.00;6.00
221;10/10/2019;2019;octubre;10;13392.50;27.00;15.00;66.00;66.00;28.00;206.50;73.00;25.00;16.00;5.00
222;12/10/2019;2019;octubre;12;13365.00;29.00;16.00;64.00;65.00;27.00;214.30;69.00;25.00;17.00;6.00
223;14/10/2019;2019;octubre;14;11786.25;25.00;12.00;48.00;48.00;22.00;184.00;51.00;23.00;16.00;5.00
224;15/10/2019;2019;octubre;15;12780.00;26.00;14.00;53.00;53.00;23.00;197.00;55.00;25.00;15.00;5.00
225;16/10/2019;2019;octubre;16;12005.00;25.00;14.00;51.00;52.00;22.00;191.30;60.00;24.00;16.00;5.00
226;17/10/2019;2019;octubre;17;12103.75;26.00;18.00;53.00;55.00;29.00;190.50;71.00;25.00;13.00;5.00
227;18/10/2019;2019;octubre;18;11206.25;25.00;13.00;48.00;48.00;23.00;178.00;54.00;27.00;12.00;5.00
228;21/10/2019;2019;octubre;21;13007.92;26.00;14.00;57.00;67.00;28.00;200.20;71.00;27.00;22.00;5.00
229;22/10/2019;2019;octubre;22;13750.00;28.00;16.00;75.00;81.00;33.00;212.30;94.00;27.00;28.00;6.00
230;23/10/2019;2019;octubre;23;12986.25;28.00;14.00;59.00;62.00;26.00;207.30;74.00;25.00;11.00;5.00
231;24/10/2019;2019;octubre;24;13838.75;28.00;16.00;67.00;68.00;28.00;215.00;73.00;25.00;12.00;6.00
232;25/10/2019;2019;octubre;25;12650.63;26.00;15.00;59.00;60.00;24.00;191.80;66.00;24.00;13.00;5.00
233;27/10/2019;2019;octubre;27;175.00;1.00;1.00;1.00;1.00;1.00;2.00;1.00;1.00;0.00;1.00
234;28/10/2019;2019;octubre;28;14302.50;28.00;16.00;67.00;68.00;27.00;219.80;81.00;23.00;10.00;5.00
235;29/10/2019;2019;octubre;29;13738.75;27.00;14.00;61.00;62.00;27.00;214.30;74.00;22.00;5.00;5.00
236;30/10/2019;2019;octubre;30;13465.00;27.00;13.00;55.00;57.00;22.00;214.00;62.00;19.00;12.00;6.00
237;31/10/2019;2019;octubre;31;9647.50;21.00;13.00;44.00;46.00;19.00;157.00;54.00;20.00;7.00;6.00
238;01/11/2019;2019;noviembre;1;9130.00;16.00;10.00;35.00;35.00;16.00;130.80;42.00;17.00;2.00;6.00
239;02/11/2019;2019;noviembre;2;9152.50;17.00;4.00;32.00;32.00;7.00;137.30;35.00;12.00;8.00;5.00
240;03/11/2019;2019;noviembre;3;9265.63;18.00;8.00;43.00;43.00;15.00;133.80;45.00;18.00;3.00;6.00
241;04/11/2019;2019;noviembre;4;13731.25;24.00;10.00;61.00;61.00;16.00;208.50;69.00;22.00;3.00;5.00
242;06/11/2019;2019;noviembre;6;11875.00;24.00;11.00;46.00;46.00;19.00;181.50;53.00;24.00;5.00;5.00
243;07/11/2019;2019;noviembre;7;8237.50;16.00;7.00;31.00;31.00;9.00;127.00;38.00;13.00;6.00;4.00
244;08/11/2019;2019;noviembre;8;150.00;1.00;1.00;1.00;1.00;1.00;2.00;1.00;1.00;0.00;1.00
245;09/11/2019;2019;noviembre;9;11400.00;22.00;17.00;65.00;65.00;27.00;174.30;66.00;21.00;22.00;6.00
246;10/11/2019;2019;noviembre;10;12048.75;25.00;14.00;62.00;62.00;25.00;186.50;66.00;21.00;20.00;5.00
247;11/11/2019;2019;noviembre;11;11875.00;24.00;13.00;50.00;52.00;30.00;180.50;52.00;25.00;15.00;6.00
248;12/11/2019;2019;noviembre;12;13755.00;29.00;14.00;55.00;55.00;21.00;223.50;59.00;22.00;14.00;6.00
249;13/11/2019;2019;noviembre;13;11645.00;24.00;14.00;54.00;55.00;32.00;190.00;61.00;24.00;11.00;6.00
250;14/11/2019;2019;noviembre;14;11911.25;26.00;13.00;59.00;59.00;27.00;190.80;65.00;29.00;10.00;6.00
251;15/11/2019;2019;noviembre;15;11711.25;24.00;13.00;56.00;56.00;23.00;183.00;61.00;26.00;9.00;6.00
252;17/11/2019;2019;noviembre;17;37.50;1.00;1.00;1.00;1.00;1.00;0.50;1.00;1.00;0.00;1.00
253;18/11/2019;2019;noviembre;18;11420.00;24.00;12.00;52.00;53.00;25.00;178.00;63.00;24.00;9.00;6.00
254;19/11/2019;2019;noviembre;19;11561.25;24.00;13.00;52.00;52.00;25.00;183.00;58.00;26.00;9.00;6.00
255;20/11/2019;2019;noviembre;20;11178.75;24.00;14.00;43.00;43.00;24.00;180.00;47.00;23.00;12.00;6.00
256;21/11/2019;2019;noviembre;21;11570.00;24.00;13.00;43.00;43.00;24.00;182.50;48.00;27.00;5.00;5.00
257;22/11/2019;2019;noviembre;22;11777.50;23.00;13.00;52.00;52.00;25.00;179.50;57.00;28.00;13.00;5.00
258;23/11/2019;2019;noviembre;23;175.00;1.00;1.00;1.00;1.00;1.00;2.00;1.00;1.00;0.00;1.00
259;24/11/2019;2019;noviembre;24;262.50;1.00;1.00;1.00;1.00;1.00;3.00;1.00;1.00;0.00;1.00
260;25/11/2019;2019;noviembre;25;13568.75;27.00;13.00;58.00;58.00;24.00;207.00;68.00;25.00;14.00;5.00
261;26/11/2019;2019;noviembre;26;13118.75;28.00;17.00;58.00;58.00;32.00;206.50;68.00;28.00;12.00;6.00
262;27/11/2019;2019;noviembre;27;13235.63;27.00;12.00;49.00;49.00;24.00;210.30;58.00;27.00;8.00;6.00
263;28/11/2019;2019;noviembre;28;12498.13;27.00;13.00;53.00;54.00;25.00;199.30;62.00;27.00;13.00;5.00
264;29/11/2019;2019;noviembre;29;13455.00;27.00;15.00;50.00;50.00;25.00;207.00;56.00;27.00;10.00;6.00
265;02/12/2019;2019;diciembre;2;8984.38;17.00;6.00;46.00;46.00;11.00;134.50;48.00;16.00;6.00;5.00
266;03/12/2019;2019;diciembre;3;9890.63;18.00;8.00;40.00;40.00;11.00;144.50;45.00;16.00;4.00;6.00
267;04/12/2019;2019;diciembre;4;12950.63;22.00;7.00;51.00;52.00;13.00;198.50;63.00;20.00;2.00;5.00
268;06/12/2019;2019;diciembre;6;12825.00;24.00;13.00;50.00;50.00;18.00;193.00;56.00;20.00;11.00;5.00
269;07/12/2019;2019;diciembre;7;9068.75;17.00;9.00;36.00;36.00;13.00;141.80;40.00;16.00;4.00;5.00
270;08/12/2019;2019;diciembre;8;7937.50;14.00;10.00;36.00;36.00;18.00;115.50;38.00;13.00;4.00;4.00
271;09/12/2019;2019;diciembre;9;11956.25;22.00;16.00;64.00;64.00;24.00;179.50;80.00;19.00;15.00;5.00
272;11/12/2019;2019;diciembre;11;11775.00;24.00;15.00;56.00;59.00;33.00;186.00;71.00;27.00;11.00;6.00
273;12/12/2019;2019;diciembre;12;13910.00;29.00;14.00;49.00;50.00;23.00;220.50;59.00;23.00;8.00;6.00
274;13/12/2019;2019;diciembre;13;13661.25;29.00;12.00;54.00;55.00;18.00;216.00;63.00;26.00;9.00;5.00
275;14/12/2019;2019;diciembre;14;350.00;2.00;2.00;2.00;2.00;2.00;4.50;2.00;2.00;0.00;2.00
276;16/12/2019;2019;diciembre;16;14282.50;30.00;12.00;61.00;61.00;21.00;225.00;65.00;26.00;15.00;6.00
277;17/12/2019;2019;diciembre;17;14197.50;29.00;13.00;53.00;53.00;26.00;228.30;58.00;26.00;17.00;5.00
278;18/12/2019;2019;diciembre;18;12897.50;29.00;13.00;48.00;48.00;23.00;215.00;56.00;22.00;22.00;5.00
279;19/12/2019;2019;diciembre;19;12622.50;29.00;13.00;50.00;50.00;24.00;212.00;61.00;25.00;23.00;5.00
280;20/12/2019;2019;diciembre;20;4315.00;16.00;7.00;16.00;17.00;8.00;70.00;17.00;11.00;7.00;3.00
281;23/12/2019;2019;diciembre;23;8722.50;19.00;12.00;33.00;33.00;17.00;142.60;34.00;17.00;12.00;5.00
282;24/12/2019;2019;diciembre;24;6706.25;14.00;10.00;19.00;19.00;11.00;107.50;19.00;14.00;7.00;3.00
283;26/12/2019;2019;diciembre;26;5733.75;12.00;10.00;21.00;21.00;12.00;92.50;23.00;11.00;9.00;3.00
284;27/12/2019;2019;diciembre;27;5490.00;12.00;10.00;18.00;18.00;11.00;88.50;18.00;11.00;6.00;5.00
285;30/12/2019;2019;diciembre;30;4537.50;10.00;7.00;17.00;17.00;8.00;76.00;18.00;7.00;10.00;5.00
286;31/12/2019;2019;diciembre;31;4728.75;11.00;4.00;21.00;21.00;7.00;79.40;23.00;9.00;12.00;5.00
287;02/01/2020;2020;enero;2;350.00;1.00;1.00;1.00;1.00;1.00;4.00;1.00;1.00;0.00;1.00
288;04/01/2020;2020;enero;4;14888.75;30.00;16.00;77.00;77.00;30.00;242.50;104.00;25.00;30.00;5.00
289;05/01/2020;2020;enero;5;1806.25;3.00;2.00;8.00;8.00;3.00;23.00;8.00;4.00;2.00;4.00
290;13/01/2020;2020;enero;13;14631.25;30.00;17.00;69.00;69.00;31.00;232.30;82.00;27.00;20.00;6.00
291;14/01/2020;2020;enero;14;13990.00;29.00;18.00;57.00;57.00;29.00;221.50;64.00;23.00;15.00;6.00
292;15/01/2020;2020;enero;15;13482.50;29.00;15.00;48.00;50.00;20.00;222.30;55.00;23.00;14.00;4.00
293;16/01/2020;2020;enero;16;13588.75;29.00;15.00;63.00;64.00;24.00;222.80;71.00;28.00;20.00;5.00
294;17/01/2020;2020;enero;17;14517.50;30.00;17.00;49.00;49.00;24.00;230.50;52.00;25.00;17.00;5.00
295;18/01/2020;2020;enero;18;300.00;1.00;1.00;2.00;2.00;1.00;4.00;2.00;1.00;0.00;2.00
296;20/01/2020;2020;enero;20;15138.75;32.00;16.00;59.00;59.00;26.00;241.80;64.00;30.00;15.00;5.00
297;21/01/2020;2020;enero;21;15073.13;32.00;15.00;67.00;68.00;25.00;238.80;74.00;26.00;14.00;6.00
298;22/01/2020;2020;enero;22;14193.13;31.00;18.00;62.00;62.00;27.00;224.50;74.00;26.00;17.00;6.00
299;23/01/2020;2020;enero;23;13905.00;30.00;17.00;53.00;53.00;26.00;224.00;61.00;25.00;13.00;5.00
300;24/01/2020;2020;enero;24;13941.88;30.00;19.00;57.00;57.00;31.00;219.50;61.00;29.00;13.00;6.00
301;27/01/2020;2020;enero;27;14278.75;32.00;16.00;68.00;68.00;28.00;230.50;77.00;31.00;16.00;5.00
302;28/01/2020;2020;enero;28;13627.50;29.00;14.00;64.00;64.00;24.00;217.80;70.00;29.00;17.00;5.00
303;29/01/2020;2020;enero;29;12948.13;29.00;15.00;60.00;60.00;26.00;213.30;66.00;27.00;18.00;5.00
304;30/01/2020;2020;enero;30;13083.75;30.00;14.00;50.00;50.00;23.00;213.30;53.00;24.00;17.00;5.00
305;31/01/2020;2020;enero;31;13202.50;29.00;13.00;61.00;61.00;24.00;213.80;61.00;26.00;21.00;5.00
306;01/02/2020;2020;febrero;1;6381.25;13.00;11.00;40.00;40.00;18.00;101.00;41.00;12.00;23.00;4.00
307;02/02/2020;2020;febrero;2;437.50;1.00;1.00;1.00;1.00;1.00;5.00;1.00;1.00;0.00;1.00
308;03/02/2020;2020;febrero;3;15175.00;33.00;17.00;66.00;66.00;35.00;249.80;74.00;27.00;17.00;5.00
309;04/02/2020;2020;febrero;4;15023.13;32.00;16.00;69.00;69.00;25.00;242.80;90.00;24.00;16.00;5.00
310;05/02/2020;2020;febrero;5;662.50;2.00;2.00;3.00;3.00;3.00;9.00;3.00;2.00;0.00;2.00
311;13/02/2020;2020;febrero;13;13681.88;31.00;13.00;57.00;57.00;26.00;226.00;65.00;25.00;15.00;5.00
312;14/02/2020;2020;febrero;14;13415.63;29.00;14.00;76.00;76.00;28.00;216.30;87.00;27.00;20.00;5.00
313;16/02/2020;2020;febrero;16;525.00;1.00;1.00;1.00;1.00;1.00;6.00;2.00;1.00;0.00;1.00
314;17/02/2020;2020;febrero;17;14206.25;32.00;15.00;79.00;79.00;30.00;231.70;92.00;29.00;20.00;5.00
315;18/02/2020;2020;febrero;18;14088.75;32.00;15.00;75.00;76.00;27.00;229.00;86.00;24.00;27.00;5.00
316;19/02/2020;2020;febrero;19;14440.00;31.00;13.00;59.00;60.00;24.00;237.00;73.00;25.00;19.00;5.00
317;20/02/2020;2020;febrero;20;14017.50;32.00;16.00;62.00;62.00;26.00;226.70;69.00;25.00;20.00;5.00
318;21/02/2020;2020;febrero;21;14155.00;30.00;18.00;63.00;63.00;32.00;227.50;69.00;27.00;21.00;6.00
319;23/02/2020;2020;febrero;23;350.00;1.00;1.00;1.00;1.00;1.00;4.00;1.00;1.00;0.00;1.00
320;24/02/2020;2020;febrero;24;13645.00;30.00;15.00;63.00;63.00;30.00;224.50;69.00;26.00;19.00;5.00
321;25/02/2020;2020;febrero;25;14624.79;31.00;14.00;69.00;69.00;37.00;233.80;77.00;26.00;22.00;6.00
322;26/02/2020;2020;febrero;26;13906.25;31.00;14.00;62.00;63.00;37.00;228.50;73.00;25.00;26.00;5.00
323;27/02/2020;2020;febrero;27;14705.63;32.00;15.00;61.00;62.00;34.00;238.80;94.00;27.00;18.00;5.00
324;28/02/2020;2020;febrero;28;14079.38;30.00;15.00;61.00;62.00;31.00;222.50;70.00;23.00;19.00;6.00
325;01/03/2020;2020;marzo;1;6662.50;14.00;16.00;38.00;38.00;21.00;105.00;40.00;16.00;14.00;6.00
326;02/03/2020;2020;marzo;2;13438.75;30.00;14.00;65.00;65.00;26.00;217.80;77.00;29.00;24.00;5.00
327;03/03/2020;2020;marzo;3;15132.50;32.00;15.00;76.00;79.00;33.00;243.30;101.00;33.00;22.00;6.00
328;04/03/2020;2020;marzo;4;14702.50;30.00;16.00;66.00;66.00;23.00;238.80;87.00;26.00;23.00;5.00
329;13/03/2020;2020;marzo;13;14606.25;32.00;14.00;64.00;64.00;27.00;234.50;82.00;25.00;25.00;5.00
330;14/03/2020;2020;marzo;14;250.00;1.00;1.00;1.00;1.00;1.00;4.00;1.00;1.00;1.00;1.00
331;15/03/2020;2020;marzo;15;250.00;1.00;1.00;1.00;1.00;1.00;4.00;1.00;1.00;1.00;1.00
332;16/03/2020;2020;marzo;16;15995.00;34.00;15.00;69.00;69.00;30.00;255.80;93.00;23.00;24.00;5.00
333;17/03/2020;2020;marzo;17;14448.75;31.00;13.00;69.00;69.00;26.00;232.50;88.00;23.00;23.00;5.00
334;18/03/2020;2020;marzo;18;13761.04;31.00;13.00;69.00;70.00;25.00;229.20;93.00;29.00;22.00;5.00
335;19/03/2020;2020;marzo;19;9771.25;21.00;11.00;42.00;42.00;14.00;152.50;60.00;19.00;13.00;5.00
336;20/03/2020;2020;marzo;20;15086.25;33.00;15.00;74.00;74.00;27.00;242.80;96.00;27.00;22.00;5.00
337;23/03/2020;2020;marzo;23;13841.25;32.00;13.00;71.00;71.00;21.00;228.00;95.00;28.00;24.00;5.00
338;24/03/2020;2020;marzo;24;14412.50;32.00;12.00;61.00;61.00;19.00;235.80;83.00;24.00;20.00;5.00
339;25/03/2020;2020;marzo;25;14457.50;32.00;12.00;62.00;62.00;17.00;237.50;87.00;24.00;21.00;5.00
340;26/03/2020;2020;marzo;26;14917.92;33.00;15.00;64.00;64.00;20.00;238.80;91.00;23.00;29.00;5.00
341;27/03/2020;2020;marzo;27;16126.25;33.00;15.00;76.00;76.00;23.00;255.50;97.00;26.00;31.00;5.00
342;28/03/2020;2020;marzo;28;150.00;1.00;1.00;1.00;1.00;1.00;2.00;1.00;1.00;0.00;1.00
343;29/03/2020;2020;marzo;29;150.00;1.00;1.00;1.00;1.00;1.00;2.00;1.00;1.00;0.00;1.00
344;30/03/2020;2020;marzo;30;14582.50;31.00;14.00;71.00;73.00;22.00;234.00;96.00;24.00;21.00;5.00
345;31/03/2020;2020;marzo;31;15626.25;33.00;14.00;79.00;80.00;24.00;252.00;106.00;27.00;21.00;5.00
346;02/04/2020;2020;abril;2;14720.00;32.00;14.00;76.00;76.00;31.00;240.30;82.00;27.00;22.00;6.00
347;03/04/2020;2020;abril;3;14613.75;32.00;13.00;68.00;69.00;27.00;235.50;80.00;31.00;20.00;6.00
348;04/04/2020;2020;abril;4;1362.50;3.00;3.00;6.00;6.00;3.00;17.00;6.00;3.00;0.00;3.00
349;05/04/2020;2020;abril;5;14403.33;33.00;15.00;90.00;90.00;24.00;240.60;112.00;30.00;26.00;6.00
350;13/04/2020;2020;abril;13;6863.75;15.00;12.00;39.00;39.00;15.00;113.00;51.00;18.00;11.00;5.00
351;14/04/2020;2020;abril;14;15938.75;33.00;16.00;72.00;72.00;27.00;258.80;96.00;27.00;21.00;5.00
352;15/04/2020;2020;abril;15;27747.50;34.00;18.00;88.00;104.00;52.00;455.00;195.00;32.00;56.00;5.00
353;16/04/2020;2020;abril;16;30520.00;35.00;22.00;95.00;114.00;54.00;486.50;201.00;31.00;49.00;5.00
354;17/04/2020;2020;abril;17;26751.25;34.00;21.00;76.00;95.00;52.00;437.00;176.00;30.00;36.00;5.00
355;18/04/2020;2020;abril;18;1225.00;2.00;5.00;3.00;5.00;6.00;14.00;6.00;3.00;0.00;2.00
356;19/04/2020;2020;abril;19;175.00;1.00;1.00;1.00;1.00;1.00;2.00;1.00;1.00;0.00;1.00
357;20/04/2020;2020;abril;20;28166.25;34.00;18.00;85.00;105.00;51.00;457.00;194.00;32.00;50.00;5.00
358;21/04/2020;2020;abril;21;30275.00;35.00;24.00;100.00;127.00;58.00;479.00;215.00;30.00;56.00;5.00
359;22/04/2020;2020;abril;22;27417.50;34.00;20.00;107.00;136.00;51.00;447.50;224.00;29.00;51.00;5.00
360;23/04/2020;2020;abril;23;28491.25;34.00;21.00;79.00;105.00;49.00;458.50;176.00;27.00;34.00;6.00
361;24/04/2020;2020;abril;24;28165.00;35.00;21.00;85.00;105.00;55.00;458.00;185.00;26.00;33.00;6.00
362;25/04/2020;2020;abril;25;450.00;1.00;3.00;2.00;3.00;3.00;6.00;4.00;1.00;2.00;2.00
363;27/04/2020;2020;abril;27;28227.50;35.00;21.00;86.00;105.00;48.00;460.50;175.00;25.00;41.00;6.00
364;28/04/2020;2020;abril;28;30863.75;35.00;19.00;78.00;98.00;46.00;487.50;172.00;27.00;38.00;6.00
365;29/04/2020;2020;abril;29;27211.25;35.00;17.00;70.00;97.00;39.00;450.00;167.00;27.00;41.00;6.00
366;30/04/2020;2020;abril;30;25966.67;34.00;19.00;82.00;113.00;45.00;432.40;179.00;28.00;62.00;6.00
367;01/05/2020;2020;mayo;1;3052.50;5.00;4.00;10.00;10.00;8.00;34.00;10.00;5.00;2.00;5.00
368;02/05/2020;2020;mayo;2;15176.25;35.00;15.00;82.00;84.00;32.00;247.80;118.00;28.00;23.00;6.00
369;03/05/2020;2020;mayo;3;14797.50;31.00;16.00;60.00;61.00;28.00;235.50;74.00;24.00;12.00;5.00
370;04/05/2020;2020;mayo;4;13200.00;29.00;16.00;77.00;77.00;33.00;213.90;96.00;30.00;21.00;6.00
371;05/05/2020;2020;mayo;5;27485.00;33.00;15.00;68.00;73.00;33.00;455.50;147.00;24.00;32.00;6.00
372;06/05/2020;2020;mayo;6;12829.17;28.00;15.00;71.00;71.00;30.00;208.00;95.00;29.00;18.00;6.00
373;07/05/2020;2020;mayo;7;13200.83;28.00;14.00;74.00;74.00;29.00;213.00;97.00;30.00;20.00;5.00
374;08/05/2020;2020;mayo;8;13525.00;28.00;13.00;88.00;88.00;33.00;215.80;110.00;24.00;39.00;5.00
375;09/05/2020;2020;mayo;9;17.50;1.00;1.00;1.00;1.00;1.00;0.50;1.00;1.00;1.00;1.00
376;10/05/2020;2020;mayo;10;35.00;1.00;2.00;1.00;2.00;2.00;1.00;2.00;1.00;2.00;1.00
377;11/05/2020;2020;mayo;11;29850.00;35.00;21.00;81.00;112.00;47.00;476.50;196.00;26.00;48.00;5.00
378;12/05/2020;2020;mayo;12;29151.25;35.00;18.00;80.00;99.00;42.00;468.50;194.00;24.00;70.00;6.00
379;13/05/2020;2020;mayo;13;28373.75;35.00;14.00;92.00;113.00;42.00;463.00;211.00;27.00;69.00;6.00
380;14/05/2020;2020;mayo;14;29440.00;34.00;18.00;89.00;119.00;42.00;477.50;225.00;28.00;76.00;5.00
381;15/05/2020;2020;mayo;15;18845.00;22.00;15.00;62.00;77.00;32.00;294.00;130.00;22.00;34.00;5.00
382;18/05/2020;2020;mayo;18;27918.75;32.00;21.00;82.00;111.00;47.00;447.00;194.00;26.00;49.00;6.00
383;19/05/2020;2020;mayo;19;29715.00;35.00;18.00;81.00;105.00;42.00;475.00;195.00;28.00;48.00;6.00
384;20/05/2020;2020;mayo;20;28070.00;34.00;17.00;68.00;93.00;41.00;458.00;172.00;26.00;36.00;6.00
385;21/05/2020;2020;mayo;21;24903.75;32.00;15.00;60.00;79.00;36.00;423.00;157.00;24.00;33.00;5.00
386;22/05/2020;2020;mayo;22;23345.00;31.00;16.00;56.00;75.00;38.00;383.00;133.00;24.00;34.00;5.00
387;23/05/2020;2020;mayo;23;1412.50;2.00;2.00;2.00;4.00;3.00;17.00;4.00;2.00;0.00;2.00
388;25/05/2020;2020;mayo;25;29003.75;35.00;23.00;77.00;99.00;56.00;466.00;182.00;29.00;35.00;6.00
389;26/05/2020;2020;mayo;26;30406.25;35.00;22.00;73.00;91.00;46.00;483.00;177.00;28.00;29.00;5.00
390;27/05/2020;2020;mayo;27;27601.25;34.00;19.00;68.00;83.00;40.00;455.00;171.00;30.00;32.00;5.00
391;28/05/2020;2020;mayo;28;29512.50;35.00;25.00;83.00;110.00;51.00;476.00;208.00;28.00;41.00;6.00
392;29/05/2020;2020;mayo;29;25762.50;31.00;25.00;66.00;87.00;47.00;414.00;153.00;27.00;29.00;6.00
393;30/05/2020;2020;mayo;30;1325.00;2.00;2.00;2.00;4.00;3.00;18.00;4.00;2.00;0.00;2.00
394;01/06/2020;2020;junio;1;15215.63;21.00;17.00;38.00;47.00;25.00;234.00;82.00;24.00;11.00;5.00
395;02/06/2020;2020;junio;2;44170.00;36.00;29.00;160.00;173.00;80.00;716.50;295.00;36.00;55.00;6.00
396;03/06/2020;2020;junio;3;41940.00;35.00;26.00;138.00;150.00;75.00;684.80;244.00;36.00;59.00;5.00
397;04/06/2020;2020;junio;4;43814.58;35.00;29.00;156.00;165.00;64.00;693.10;282.00;36.00;54.00;6.00
398;05/06/2020;2020;junio;5;45952.92;35.00;24.00;138.00;147.00;50.00;736.00;275.00;34.00;71.00;6.00
399;06/06/2020;2020;junio;6;1225.00;1.00;4.00;3.00;4.00;5.00;14.00;6.00;2.00;0.00;2.00
400;07/06/2020;2020;junio;7;700.00;1.00;1.00;2.00;2.00;4.00;8.00;4.00;1.00;0.00;2.00
401;08/06/2020;2020;junio;8;27801.25;33.00;24.00;84.00;103.00;46.00;442.80;185.00;27.00;35.00;5.00
402;09/06/2020;2020;junio;9;29350.00;34.00;21.00;87.00;107.00;44.00;465.00;196.00;26.00;31.00;6.00
403;10/06/2020;2020;junio;10;24037.50;31.00;21.00;72.00;87.00;46.00;394.00;168.00;28.00;39.00;5.00
404;11/06/2020;2020;junio;11;18410.00;22.00;20.00;55.00;70.00;33.00;273.50;123.00;18.00;24.00;5.00
405;12/06/2020;2020;junio;12;25571.25;32.00;21.00;71.00;82.00;42.00;416.50;165.00;25.00;40.00;6.00
406;14/06/2020;2020;junio;14;350.00;1.00;1.00;1.00;1.00;1.00;4.00;2.00;1.00;2.00;1.00
407;15/06/2020;2020;junio;15;27651.04;34.00;23.00;76.00;99.00;43.00;436.90;179.00;24.00;27.00;5.00
408;16/06/2020;2020;junio;16;27500.00;33.00;23.00;76.00;96.00;44.00;443.80;175.00;28.00;32.00;5.00
409;17/06/2020;2020;junio;17;26000.00;32.00;19.00;79.00;100.00;50.00;427.00;186.00;24.00;44.00;6.00
410;18/06/2020;2020;junio;18;27587.50;34.00;21.00;70.00;87.00;52.00;443.50;163.00;28.00;21.00;5.00
411;19/06/2020;2020;junio;19;27050.00;34.00;22.00;71.00;88.00;44.00;429.50;164.00;29.00;24.00;4.00
412;22/06/2020;2020;junio;22;27210.00;33.00;22.00;81.00;105.00;46.00;449.00;183.00;29.00;33.00;5.00
413;23/06/2020;2020;junio;23;26650.00;33.00;20.00;70.00;89.00;47.00;442.00;166.00;24.00;30.00;5.00
414;24/06/2020;2020;junio;24;25693.75;33.00;19.00;62.00;86.00;42.00;428.30;153.00;30.00;28.00;5.00
415;25/06/2020;2020;junio;25;29040.00;33.00;18.00;76.00;103.00;41.00;463.50;179.00;26.00;32.00;5.00
416;26/06/2020;2020;junio;26;26490.00;34.00;17.00;66.00;89.00;41.00;439.50;151.00;25.00;35.00;5.00
417;27/06/2020;2020;junio;27;570.00;2.00;3.00;3.00;4.00;4.00;8.00;6.00;1.00;0.00;1.00
418;28/06/2020;2020;junio;28;350.00;1.00;1.00;1.00;1.00;2.00;4.00;2.00;1.00;0.00;1.00
419;29/06/2020;2020;junio;29;26616.25;34.00;20.00;70.00;96.00;40.00;439.00;166.00;25.00;47.00;5.00
420;30/06/2020;2020;junio;30;27227.50;33.00;21.00;75.00;103.00;43.00;441.50;183.00;25.00;48.00;5.00
421;01/07/2020;2020;julio;1;39112.50;35.00;27.00;143.00;167.00;68.00;629.00;247.00;38.00;58.00;6.00
422;02/07/2020;2020;julio;2;40856.25;36.00;29.00;142.00;166.00;70.00;668.50;252.00;38.00;54.00;5.00
423;03/07/2020;2020;julio;3;24940.00;32.00;20.00;90.00;122.00;44.00;400.80;190.00;23.00;31.00;5.00
424;04/07/2020;2020;julio;4;15345.00;32.00;16.00;74.00;74.00;22.00;241.50;91.00;26.00;19.00;5.00
425;05/07/2020;2020;julio;5;14948.33;33.00;14.00;81.00;81.00;20.00;248.00;110.00;31.00;26.00;5.00
426;06/07/2020;2020;julio;6;24776.88;32.00;23.00;88.00;124.00;38.00;405.30;204.00;23.00;19.00;5.00
427;07/07/2020;2020;julio;7;25372.50;30.00;23.00;73.00;100.00;39.00;411.30;159.00;20.00;21.00;5.00
428;08/07/2020;2020;julio;8;25272.50;30.00;21.00;67.00;92.00;42.00;411.80;156.00;20.00;30.00;5.00
429;09/07/2020;2020;julio;9;23286.25;30.00;19.00;60.00;83.00;33.00;376.00;122.00;22.00;32.00;5.00
430;10/07/2020;2020;julio;10;22792.50;30.00;23.00;81.00;113.00;41.00;365.00;167.00;22.00;34.00;5.00
431;11/07/2020;2020;julio;11;350.00;1.00;2.00;1.00;2.00;2.00;4.00;2.00;1.00;2.00;1.00
432;13/07/2020;2020;julio;13;24653.75;28.00;22.00;77.00;104.00;46.00;388.50;180.00;25.00;29.00;5.00
433;14/07/2020;2020;julio;14;25032.50;29.00;26.00;76.00;93.00;48.00;393.00;176.00;25.00;24.00;5.00
434;15/07/2020;2020;julio;15;24017.50;28.00;20.00;79.00;109.00;41.00;383.00;173.00;21.00;25.00;5.00
435;16/07/2020;2020;julio;16;23737.50;29.00;23.00;68.00;90.00;47.00;376.00;158.00;26.00;27.00;5.00
436;17/07/2020;2020;julio;17;22562.50;27.00;25.00;61.00;80.00;44.00;361.00;153.00;23.00;23.00;5.00
437;20/07/2020;2020;julio;20;25727.50;29.00;22.00;64.00;80.00;42.00;406.00;135.00;25.00;27.00;5.00
438;21/07/2020;2020;julio;21;25126.25;29.00;26.00;70.00;97.00;40.00;402.50;156.00;24.00;26.00;5.00
439;22/07/2020;2020;julio;22;26616.25;29.00;21.00;66.00;87.00;43.00;424.50;149.00;26.00;33.00;5.00
440;23/07/2020;2020;julio;23;25322.50;30.00;23.00;69.00;90.00;48.00;407.00;148.00;30.00;26.00;5.00
441;24/07/2020;2020;julio;24;26352.50;31.00;24.00;72.00;98.00;47.00;422.00;154.00;27.00;35.00;5.00
442;25/07/2020;2020;julio;25;175.00;1.00;1.00;1.00;1.00;1.00;2.00;2.00;1.00;0.00;1.00
443;27/07/2020;2020;julio;27;24850.00;27.00;21.00;76.00;112.00;43.00;386.50;161.00;25.00;46.00;6.00
444;28/07/2020;2020;julio;28;26325.83;27.00;21.00;69.00;96.00;44.00;396.70;163.00;21.00;36.00;5.00
445;29/07/2020;2020;julio;29;24072.50;27.00;21.00;60.00;81.00;44.00;372.50;136.00;20.00;39.00;5.00
446;30/07/2020;2020;julio;30;25377.50;27.00;20.00;62.00;88.00;42.00;385.00;135.00;21.00;48.00;5.00
447;31/07/2020;2020;julio;31;25163.75;25.00;21.00;71.00;91.00;44.00;376.50;152.00;20.00;53.00;6.00
448;01/08/2020;2020;agosto;1;11306.25;24.00;16.00;50.00;51.00;29.00;183.00;55.00;25.00;9.00;6.00
449;02/08/2020;2020;agosto;2;400.00;1.00;2.00;1.00;2.00;2.00;4.00;2.00;1.00;0.00;1.00
450;03/08/2020;2020;agosto;3;16577.50;19.00;15.00;63.00;94.00;31.00;264.00;127.00;17.00;53.00;5.00
451;04/08/2020;2020;agosto;4;31381.25;33.00;24.00;114.00;138.00;47.00;500.50;207.00;36.00;57.00;5.00
452;05/08/2020;2020;agosto;5;33875.00;35.00;24.00;151.00;172.00;58.00;547.50;260.00;31.00;81.00;6.00
453;06/08/2020;2020;agosto;6;18805.00;21.00;16.00;61.00;72.00;36.00;301.00;119.00;22.00;34.00;5.00
454;07/08/2020;2020;agosto;7;17325.00;21.00;18.00;51.00;65.00;33.00;281.00;110.00;18.00;27.00;5.00
455;10/08/2020;2020;agosto;10;18430.00;23.00;19.00;54.00;69.00;42.00;307.50;110.00;25.00;32.00;5.00
456;11/08/2020;2020;agosto;11;18640.00;22.00;19.00;55.00;67.00;39.00;305.00;118.00;26.00;34.00;5.00
457;12/08/2020;2020;agosto;12;17787.50;22.00;14.00;45.00;58.00;32.00;295.50;100.00;23.00;24.00;5.00
458;13/08/2020;2020;agosto;13;17440.00;21.00;18.00;51.00;64.00;33.00;287.00;108.00;21.00;31.00;5.00
459;14/08/2020;2020;agosto;14;17385.00;21.00;21.00;54.00;67.00;37.00;282.00;114.00;19.00;19.00;6.00
460;15/08/2020;2020;agosto;15;700.00;1.00;1.00;1.00;1.00;2.00;8.00;2.00;1.00;0.00;1.00
461;17/08/2020;2020;agosto;17;19453.75;20.00;20.00;57.00;71.00;42.00;292.30;130.00;22.00;20.00;6.00
462;18/08/2020;2020;agosto;18;22467.50;23.00;19.00;61.00;79.00;38.00;333.50;139.00;24.00;22.00;5.00
463;19/08/2020;2020;agosto;19;20615.00;22.00;18.00;61.00;86.00;40.00;311.00;140.00;20.00;48.00;6.00
464;20/08/2020;2020;agosto;20;19975.00;23.00;21.00;72.00;93.00;43.00;302.50;158.00;22.00;46.00;6.00
465;21/08/2020;2020;agosto;21;18677.50;20.00;19.00;70.00;89.00;44.00;284.30;146.00;22.00;46.00;6.00
466;22/08/2020;2020;agosto;22;1400.00;1.00;4.00;3.00;6.00;4.00;16.00;6.00;2.00;0.00;2.00
467;24/08/2020;2020;agosto;24;20377.50;23.00;19.00;57.00;73.00;37.00;324.00;124.00;20.00;26.00;6.00
468;25/08/2020;2020;agosto;25;23335.00;25.00;16.00;68.00;98.00;29.00;357.50;152.00;19.00;28.00;6.00
469;26/08/2020;2020;agosto;26;24108.75;25.00;19.00;74.00;102.00;36.00;370.50;170.00;21.00;30.00;6.00
470;27/08/2020;2020;agosto;27;22299.38;25.00;15.00;62.00;84.00;38.00;350.30;148.00;19.00;28.00;5.00
471;28/08/2020;2020;agosto;28;22512.50;25.00;20.00;74.00;108.00;42.00;350.00;177.00;23.00;55.00;5.00
472;29/08/2020;2020;agosto;29;1400.00;1.00;2.00;1.00;2.00;2.00;16.00;2.00;1.00;0.00;1.00
473;31/08/2020;2020;agosto;31;20472.50;23.00;18.00;64.00;76.00;32.00;325.50;144.00;18.00;28.00;5.00
474;01/09/2020;2020;septiembre;1;33687.83;34.00;27.00;122.00;138.00;67.00;534.30;203.00;37.00;33.00;5.00
475;02/09/2020;2020;septiembre;2;17964.67;22.00;17.00;66.00;88.00;38.00;299.00;142.00;23.00;19.00;5.00
476;03/09/2020;2020;septiembre;3;37484.04;35.00;29.00;142.00;163.00;78.00;608.70;230.00;33.00;45.00;6.00
477;04/09/2020;2020;septiembre;4;22421.25;26.00;19.00;79.00;101.00;49.00;353.50;158.00;24.00;32.00;5.00
478;05/09/2020;2020;septiembre;5;17.50;1.00;1.00;1.00;1.00;1.00;0.50;1.00;1.00;1.00;1.00
479;07/09/2020;2020;septiembre;7;25340.00;29.00;19.00;93.00;130.00;50.00;399.30;220.00;29.00;26.00;5.00
480;08/09/2020;2020;septiembre;8;25310.00;28.00;19.00;79.00;99.00;44.00;393.00;186.00;23.00;41.00;5.00
481;09/09/2020;2020;septiembre;9;25132.50;30.00;21.00;95.00;120.00;51.00;399.00;208.00;25.00;52.00;6.00
482;10/09/2020;2020;septiembre;10;26990.00;31.00;20.00;97.00;113.00;49.00;426.30;227.00;24.00;56.00;5.00
483;11/09/2020;2020;septiembre;11;26247.50;31.00;22.00;77.00;83.00;48.00;418.30;177.00;25.00;25.00;5.00
484;12/09/2020;2020;septiembre;12;700.00;1.00;1.00;1.00;1.00;2.00;8.00;2.00;1.00;0.00;1.00
485;14/09/2020;2020;septiembre;14;41805.00;31.00;23.00;88.00;104.00;56.00;661.80;303.00;26.00;67.00;5.00
486;15/09/2020;2020;septiembre;15;40575.00;33.00;24.00;90.00;100.00;65.00;647.00;320.00;27.00;71.00;6.00
487;16/09/2020;2020;septiembre;16;40896.88;32.00;22.00;81.00;96.00;65.00;655.50;280.00;27.00;50.00;5.00
488;17/09/2020;2020;septiembre;17;42897.50;32.00;23.00;88.00;102.00;59.00;677.30;306.00;28.00;60.00;5.00
489;18/09/2020;2020;septiembre;18;39721.25;32.00;26.00;100.00;121.00;61.00;631.50;324.00;27.00;68.00;5.00
490;19/09/2020;2020;septiembre;19;1050.00;1.00;1.00;1.00;1.00;2.00;12.00;3.00;1.00;0.00;1.00
491;20/09/2020;2020;septiembre;20;420.00;1.00;1.00;3.00;3.00;4.00;5.30;9.00;2.00;3.00;3.00
492;21/09/2020;2020;septiembre;21;40372.50;30.00;23.00;98.00;111.00;61.00;639.50;293.00;23.00;47.00;6.00
493;22/09/2020;2020;septiembre;22;39713.75;31.00;21.00;89.00;110.00;52.00;643.50;281.00;23.00;62.00;5.00
494;23/09/2020;2020;septiembre;23;40812.50;32.00;23.00;90.00;117.00;51.00;662.00;306.00;23.00;61.00;5.00
495;24/09/2020;2020;septiembre;24;40668.13;30.00;21.00;80.00;96.00;51.00;643.50;258.00;24.00;59.00;5.00
496;25/09/2020;2020;septiembre;25;39376.25;31.00;23.00;91.00;114.00;60.00;628.00;293.00;24.00;51.00;5.00
497;27/09/2020;2020;septiembre;27;525.00;1.00;2.00;1.00;2.00;3.00;6.00;3.00;1.00;0.00;1.00
498;28/09/2020;2020;septiembre;28;40208.75;31.00;19.00;92.00;117.00;53.00;648.00;285.00;23.00;44.00;5.00
499;29/09/2020;2020;septiembre;29;41093.75;31.00;25.00;85.00;103.00;59.00;649.80;295.00;26.00;43.00;6.00
500;30/09/2020;2020;septiembre;30;37440.00;29.00;21.00;84.00;96.00;53.00;611.00;273.00;20.00;67.00;5.00
501;01/10/2020;2020;octubre;1;49860.42;34.00;27.00;128.00;137.00;68.00;799.40;301.00;35.00;73.00;5.00
502;02/10/2020;2020;octubre;2;53254.38;36.00;27.00;153.00;179.00;74.00;872.80;371.00;39.00;50.00;6.00
503;03/10/2020;2020;octubre;3;15662.50;33.00;15.00;67.00;69.00;30.00;254.80;81.00;29.00;27.00;6.00
504;04/10/2020;2020;octubre;4;681.25;2.00;2.00;2.00;2.00;2.00;8.50;2.00;2.00;0.00;2.00
505;05/10/2020;2020;octubre;5;35739.38;29.00;20.00;74.00;82.00;55.00;578.80;250.00;28.00;50.00;5.00
506;06/10/2020;2020;octubre;6;37960.00;32.00;21.00;98.00;118.00;60.00;603.50;299.00;28.00;49.00;5.00
507;07/10/2020;2020;octubre;7;36446.25;31.00;18.00;73.00;79.00;44.00;598.00;227.00;22.00;65.00;5.00
508;08/10/2020;2020;octubre;8;35935.63;30.00;18.00;88.00;91.00;49.00;583.80;259.00;25.00;51.00;5.00
509;09/10/2020;2020;octubre;9;25927.50;28.00;20.00;84.00;88.00;41.00;410.00;190.00;24.00;41.00;5.00
510;10/10/2020;2020;octubre;10;450.00;1.00;2.00;2.00;2.00;2.00;6.00;2.00;1.00;0.00;1.00
511;12/10/2020;2020;octubre;12;5950.00;6.00;10.00;19.00;22.00;14.00;78.50;26.00;8.00;2.00;5.00
512;13/10/2020;2020;octubre;13;28960.00;31.00;17.00;91.00;119.00;45.00;454.00;206.00;26.00;21.00;5.00
513;14/10/2020;2020;octubre;14;29843.75;35.00;21.00;100.00;118.00;52.00;481.50;209.00;30.00;34.00;5.00
514;15/10/2020;2020;octubre;15;31005.00;36.00;22.00;91.00;114.00;58.00;493.30;202.00;31.00;27.00;5.00
515;16/10/2020;2020;octubre;16;28685.00;34.00;18.00;99.00;116.00;48.00;459.50;219.00;26.00;33.00;5.00
516;19/10/2020;2020;octubre;19;27397.50;34.00;17.00;93.00;106.00;47.00;441.80;205.00;24.00;36.00;5.00
517;20/10/2020;2020;octubre;20;28892.50;34.00;21.00;92.00;111.00;50.00;456.00;205.00;21.00;34.00;5.00
518;21/10/2020;2020;octubre;21;26970.83;34.00;20.00;95.00;124.00;46.00;441.20;222.00;21.00;46.00;6.00
519;22/10/2020;2020;octubre;22;28565.00;34.00;17.00;90.00;103.00;46.00;452.80;203.00;25.00;30.00;5.00
520;23/10/2020;2020;octubre;23;28227.50;32.00;17.00;91.00;109.00;44.00;447.50;197.00;25.00;5.00;5.00
521;24/10/2020;2020;octubre;24;875.00;1.00;2.00;2.00;4.00;2.00;10.00;4.00;2.00;0.00;1.00
522;26/10/2020;2020;octubre;26;25927.50;31.00;17.00;96.00;114.00;40.00;408.00;201.00;23.00;31.00;5.00
523;27/10/2020;2020;octubre;27;27745.00;32.00;21.00;94.00;107.00;54.00;432.00;205.00;24.00;20.00;5.00
524;28/10/2020;2020;octubre;28;25225.21;30.00;19.00;87.00;103.00;45.00;406.40;185.00;23.00;20.00;6.00
525;29/10/2020;2020;octubre;29;27248.33;32.00;19.00;94.00;105.00;46.00;428.40;212.00;24.00;22.00;6.00
526;30/10/2020;2020;octubre;30;26002.08;32.00;20.00;77.00;91.00;45.00;410.40;188.00;22.00;21.00;5.00
527;31/10/2020;2020;octubre;31;1050.00;1.00;3.00;2.00;3.00;4.00;12.00;4.00;2.00;0.00;1.00
528;01/11/2020;2020;noviembre;1;300.00;1.00;1.00;2.00;2.00;1.00;4.00;2.00;1.00;0.00;2.00
529;02/11/2020;2020;noviembre;2;29720.00;36.00;25.00;106.00;109.00;57.00;472.00;158.00;32.00;36.00;5.00
530;03/11/2020;2020;noviembre;3;40389.58;38.00;22.00;143.00;154.00;74.00;642.40;266.00;36.00;44.00;6.00
531;04/11/2020;2020;noviembre;4;26364.38;29.00;20.00;65.00;72.00;47.00;414.30;140.00;20.00;23.00;6.00
532;05/11/2020;2020;noviembre;5;26032.50;31.00;18.00;77.00;90.00;52.00;409.50;171.00;25.00;26.00;6.00
533;06/11/2020;2020;noviembre;6;25535.00;30.00;19.00;68.00;71.00;45.00;400.80;154.00;22.00;21.00;6.00
534;09/11/2020;2020;noviembre;9;16940.83;19.00;20.00;59.00;70.00;41.00;265.20;116.00;18.00;25.00;5.00
535;10/11/2020;2020;noviembre;10;28458.33;31.00;20.00;79.00;96.00;50.00;437.40;171.00;23.00;42.00;5.00
536;11/11/2020;2020;noviembre;11;29539.17;34.00;20.00;97.00;131.00;56.00;466.60;221.00;23.00;40.00;5.00
537;12/11/2020;2020;noviembre;12;29722.29;34.00;22.00;83.00;93.00;57.00;472.70;193.00;25.00;18.00;5.00
538;13/11/2020;2020;noviembre;13;27293.13;33.00;21.00;88.00;104.00;55.00;433.30;218.00;23.00;28.00;6.00
539;15/11/2020;2020;noviembre;15;350.00;1.00;2.00;1.00;2.00;2.00;4.00;2.00;1.00;0.00;1.00
540;16/11/2020;2020;noviembre;16;29474.37;35.00;25.00;100.00;122.00;60.00;468.00;224.00;24.00;39.00;6.00
541;17/11/2020;2020;noviembre;17;28811.25;35.00;21.00;85.00;106.00;52.00;459.80;206.00;26.00;43.00;6.00
542;18/11/2020;2020;noviembre;18;25261.25;32.00;21.00;92.00;115.00;54.00;420.00;215.00;27.00;61.00;5.00
543;19/11/2020;2020;noviembre;19;30613.75;35.00;19.00;97.00;118.00;57.00;483.00;224.00;26.00;59.00;5.00
544;20/11/2020;2020;noviembre;20;29380.00;33.00;21.00;90.00;100.00;52.00;453.50;192.00;27.00;44.00;5.00
545;21/11/2020;2020;noviembre;21;1050.00;1.00;2.00;1.00;2.00;2.00;12.00;2.00;1.00;0.00;1.00
546;23/11/2020;2020;noviembre;23;30535.00;34.00;22.00;98.00;113.00;55.00;476.00;211.00;24.00;49.00;5.00
547;24/11/2020;2020;noviembre;24;31734.38;37.00;21.00;91.00;115.00;62.00;501.50;222.00;24.00;51.00;5.00
548;25/11/2020;2020;noviembre;25;28582.50;35.00;18.00;93.00;111.00;52.00;454.00;202.00;23.00;44.00;5.00
549;26/11/2020;2020;noviembre;26;29948.13;37.00;23.00;97.00;117.00;56.00;468.80;215.00;29.00;39.00;5.00
550;27/11/2020;2020;noviembre;27;30692.50;37.00;19.00;91.00;113.00;54.00;476.30;208.00;28.00;30.00;5.00
551;30/11/2020;2020;noviembre;30;30826.25;36.00;16.00;92.00;120.00;57.00;485.50;208.00;28.00;48.00;6.00
552;01/12/2020;2020;diciembre;1;30587.50;36.00;20.00;103.00;110.00;52.00;481.30;226.00;26.00;49.00;5.00
553;02/12/2020;2020;diciembre;2;43273.96;38.00;24.00;154.00;183.00;81.00;700.40;289.00;32.00;74.00;5.00
554;03/12/2020;2020;diciembre;3;47375.00;39.00;27.00;184.00;202.00;85.00;749.50;334.00;34.00;70.00;5.00
555;04/12/2020;2020;diciembre;4;27864.17;34.00;19.00;109.00;140.00;71.00;436.80;236.00;27.00;38.00;5.00
556;05/12/2020;2020;diciembre;5;1225.00;1.00;2.00;1.00;2.00;2.00;14.00;2.00;1.00;0.00;1.00
557;07/12/2020;2020;diciembre;7;12557.50;15.00;15.00;57.00;65.00;36.00;189.50;96.00;16.00;14.00;5.00
558;08/12/2020;2020;diciembre;8;7075.00;7.00;12.00;19.00;21.00;23.00;91.30;28.00;8.00;4.00;4.00
559;09/12/2020;2020;diciembre;9;24597.50;31.00;20.00;88.00;101.00;54.00;399.00;188.00;25.00;34.00;5.00
560;10/12/2020;2020;diciembre;10;27012.50;33.00;24.00;78.00;92.00;60.00;430.00;185.00;22.00;29.00;5.00
561;11/12/2020;2020;diciembre;11;26715.00;33.00;20.00;78.00;97.00;47.00;417.80;185.00;21.00;29.00;5.00
562;12/12/2020;2020;diciembre;12;2025.00;3.00;4.00;3.00;6.00;5.00;26.00;6.00;3.00;4.00;2.00
563;13/12/2020;2020;diciembre;13;250.00;1.00;2.00;1.00;2.00;2.00;4.00;2.00;1.00;2.00;1.00
564;14/12/2020;2020;diciembre;14;30725.00;37.00;24.00;89.00;103.00;53.00;481.80;214.00;26.00;29.00;5.00
565;15/12/2020;2020;diciembre;15;30211.67;37.00;21.00;84.00;95.00;49.00;471.80;202.00;25.00;29.00;5.00
566;16/12/2020;2020;diciembre;16;28562.50;34.00;17.00;74.00;74.00;49.00;465.50;188.00;25.00;29.00;5.00
567;17/12/2020;2020;diciembre;17;30015.00;35.00;18.00;78.00;76.00;50.00;470.00;181.00;27.00;21.00;5.00
568;18/12/2020;2020;diciembre;18;28477.50;35.00;16.00;69.00;68.00;47.00;434.50;166.00;27.00;30.00;5.00
569;21/12/2020;2020;diciembre;21;20375.00;27.00;15.00;70.00;70.00;42.00;327.00;156.00;24.00;34.00;5.00
570;22/12/2020;2020;diciembre;22;19646.25;26.00;14.00;62.00;62.00;35.00;320.50;151.00;22.00;51.00;5.00
571;23/12/2020;2020;diciembre;23;18742.50;25.00;13.00;64.00;65.00;38.00;310.00;155.00;20.00;36.00;5.00
572;24/12/2020;2020;diciembre;24;10898.13;14.00;9.00;30.00;30.00;24.00;184.00;74.00;15.00;17.00;5.00
573;28/12/2020;2020;diciembre;28;15110.00;18.00;12.00;48.00;48.00;30.00;240.50;109.00;20.00;23.00;5.00
574;29/12/2020;2020;diciembre;29;15342.50;19.00;12.00;45.00;45.00;34.00;245.30;110.00;18.00;22.00;6.00
575;30/12/2020;2020;diciembre;30;14930.00;19.00;11.00;53.00;53.00;27.00;242.50;113.00;18.00;38.00;5.00
576;31/12/2020;2020;diciembre;31;10961.88;16.00;9.00;37.00;37.00;21.00;183.80;87.00;14.00;26.00;5.00
577;04/01/2021;2021;enero;4;20514.08;21.00;11.00;53.00;52.00;35.00;303.80;132.00;17.00;24.00;5.00
578;05/01/2021;2021;enero;5;21684.63;22.00;13.00;58.00;58.00;36.00;315.60;137.00;19.00;29.00;5.00
579;06/01/2021;2021;enero;6;5762.50;4.00;4.00;14.00;14.00;12.00;61.00;30.00;5.00;4.00;5.00
580;07/01/2021;2021;enero;7;25483.00;26.00;15.00;66.00;66.00;39.00;378.40;168.00;19.00;34.00;5.00
581;08/01/2021;2021;enero;8;22980.00;26.00;16.00;65.00;65.00;45.00;350.00;157.00;22.00;36.00;6.00
582;09/01/2021;2021;enero;9;1650.00;2.00;3.00;5.00;5.00;6.00;20.00;10.00;2.00;0.00;3.00
583;10/01/2021;2021;enero;10;350.00;1.00;1.00;1.00;1.00;2.00;4.00;2.00;1.00;0.00;1.00
584;11/01/2021;2021;enero;11;30655.63;36.00;20.00;88.00;88.00;57.00;482.80;225.00;26.00;43.00;6.00
585;12/01/2021;2021;enero;12;31978.75;37.00;17.00;80.00;80.00;55.00;493.00;238.00;26.00;36.00;6.00
586;13/01/2021;2021;enero;13;30130.00;36.00;17.00;86.00;85.00;54.00;474.30;219.00;23.00;63.00;6.00
587;14/01/2021;2021;enero;14;31182.50;36.00;16.00;96.00;96.00;59.00;483.30;250.00;29.00;67.00;6.00
588;15/01/2021;2021;enero;15;28837.50;33.00;16.00;90.00;90.00;57.00;449.00;226.00;26.00;54.00;5.00
589;18/01/2021;2021;enero;18;30902.50;34.00;19.00;95.00;105.00;55.00;475.30;230.00;26.00;62.00;5.00
590;19/01/2021;2021;enero;19;33937.50;37.00;23.00;105.00;114.00;56.00;514.80;281.00;28.00;58.00;5.00
591;20/01/2021;2021;enero;20;28512.50;33.00;23.00;94.00;122.00;57.00;452.30;242.00;23.00;45.00;5.00
592;21/01/2021;2021;enero;21;29595.00;34.00;24.00;83.00;94.00;59.00;462.00;204.00;23.00;31.00;5.00
593;22/01/2021;2021;enero;22;29210.00;33.00;20.00;69.00;80.00;53.00;447.50;192.00;24.00;35.00;6.00
594;23/01/2021;2021;enero;23;875.00;1.00;2.00;1.00;2.00;2.00;10.00;4.00;1.00;4.00;1.00
595;24/01/2021;2021;enero;24;437.50;1.00;1.00;1.00;1.00;2.00;5.00;2.00;1.00;0.00;1.00
596;25/01/2021;2021;enero;25;32525.00;35.00;24.00;112.00;121.00;57.00;495.80;252.00;25.00;59.00;6.00
597;26/01/2021;2021;enero;26;29703.75;36.00;22.00;108.00;113.00;56.00;468.80;233.00;27.00;54.00;6.00
598;27/01/2021;2021;enero;27;32471.88;36.00;23.00;109.00;112.00;62.00;502.30;237.00;28.00;71.00;6.00
599;28/01/2021;2021;enero;28;32438.75;36.00;22.00;97.00;104.00;59.00;498.30;217.00;30.00;51.00;6.00
600;29/01/2021;2021;enero;29;30056.88;36.00;23.00;108.00;114.00;60.00;458.30;244.00;28.00;45.00;6.00
601;30/01/2021;2021;enero;30;1050.00;1.00;1.00;2.00;2.00;2.00;12.00;4.00;1.00;0.00;1.00
602;31/01/2021;2021;enero;31;875.00;1.00;2.00;1.00;2.00;2.00;10.00;2.00;1.00;0.00;1.00
603;01/02/2021;2021;febrero;1;28843.75;37.00;26.00;98.00;103.00;53.00;444.00;210.00;35.00;36.00;6.00
604;02/02/2021;2021;febrero;2;30748.75;37.00;24.00;91.00;102.00;57.00;463.30;208.00;23.00;50.00;6.00
605;03/02/2021;2021;febrero;3;27105.63;35.00;24.00;107.00;110.00;53.00;423.80;232.00;27.00;40.00;6.00
606;04/02/2021;2021;febrero;4;27805.63;35.00;22.00;81.00;85.00;54.00;429.00;191.00;28.00;31.00;6.00
607;05/02/2021;2021;febrero;5;27414.79;35.00;22.00;74.00;81.00;42.00;425.80;174.00;23.00;34.00;5.00
608;08/02/2021;2021;febrero;8;28759.58;36.00;25.00;89.00;97.00;50.00;449.40;198.00;25.00;34.00;5.00
609;09/02/2021;2021;febrero;9;31051.67;37.00;24.00;91.00;98.00;54.00;472.10;197.00;25.00;33.00;5.00
610;10/02/2021;2021;febrero;10;25187.50;36.00;26.00;85.00;91.00;56.00;402.80;181.00;26.00;30.00;5.00
611;11/02/2021;2021;febrero;11;22083.08;34.00;26.00;86.00;94.00;56.00;343.00;191.00;27.00;36.00;6.00
612;12/02/2021;2021;febrero;12;14323.13;29.00;19.00;73.00;73.00;37.00;221.80;102.00;25.00;20.00;5.00
613;13/02/2021;2021;febrero;13;237.50;2.00;2.00;2.00;2.00;2.00;3.00;2.00;2.00;0.00;2.00
614;15/02/2021;2021;febrero;15;13095.63;27.00;17.00;77.00;77.00;35.00;209.80;107.00;21.00;18.00;5.00
615;16/02/2021;2021;febrero;16;12977.50;26.00;19.00;88.00;88.00;33.00;205.30;116.00;22.00;20.00;5.00
616;17/02/2021;2021;febrero;17;12126.25;27.00;17.00;69.00;69.00;36.00;198.50;99.00;22.00;17.00;5.00
617;18/02/2021;2021;febrero;18;13230.00;28.00;19.00;67.00;68.00;38.00;207.30;94.00;23.00;8.00;6.00
618;19/02/2021;2021;febrero;19;12135.00;25.00;19.00;72.00;72.00;33.00;193.80;92.00;26.00;16.00;6.00
619;20/02/2021;2021;febrero;20;412.50;2.00;3.00;3.00;3.00;3.00;5.00;3.00;2.00;1.00;3.00
620;21/02/2021;2021;febrero;21;175.00;1.00;1.00;1.00;1.00;1.00;2.00;1.00;1.00;1.00;1.00
621;22/02/2021;2021;febrero;22;11966.88;25.00;17.00;75.00;75.00;34.00;186.50;100.00;25.00;18.00;6.00
622;23/02/2021;2021;febrero;23;12782.50;26.00;19.00;65.00;65.00;34.00;201.80;91.00;23.00;18.00;6.00
623;24/02/2021;2021;febrero;24;12107.50;26.00;19.00;70.00;70.00;36.00;195.00;95.00;20.00;24.00;6.00
624;25/02/2021;2021;febrero;25;13188.75;27.00;19.00;67.00;68.00;32.00;206.00;93.00;21.00;16.00;6.00
625;26/02/2021;2021;febrero;26;11101.25;25.00;18.00;61.00;61.00;33.00;180.80;84.00;25.00;16.00;5.00
626;01/03/2021;2021;marzo;1;13080.00;27.00;17.00;77.00;77.00;35.00;203.80;105.00;24.00;23.00;5.00
627;02/03/2021;2021;marzo;2;12772.50;27.00;20.00;78.00;79.00;38.00;199.00;103.00;28.00;24.00;5.00
628;03/03/2021;2021;marzo;3;12146.37;25.00;21.00;69.00;69.00;37.00;189.80;94.00;21.00;13.00;6.00
629;04/03/2021;2021;marzo;4;12453.75;26.00;20.00;68.00;69.00;35.00;197.00;114.00;24.00;9.00;6.00
630;05/03/2021;2021;marzo;5;12403.75;25.00;21.00;69.00;70.00;42.00;196.00;92.00;25.00;16.00;6.00
631;08/03/2021;2021;marzo;8;12906.25;26.00;20.00;70.00;70.00;33.00;202.30;96.00;20.00;17.00;5.00
632;09/03/2021;2021;marzo;9;13071.25;26.00;20.00;73.00;73.00;43.00;203.00;103.00;23.00;20.00;5.00
633;10/03/2021;2021;marzo;10;12403.75;27.00;18.00;62.00;62.00;39.00;195.50;86.00;25.00;15.00;5.00
634;11/03/2021;2021;marzo;11;12446.25;26.00;19.00;68.00;68.00;39.00;194.80;93.00;24.00;16.00;5.00
635;12/03/2021;2021;marzo;12;12412.50;26.00;20.00;54.00;55.00;33.00;195.00;79.00;17.00;16.00;5.00
636;15/03/2021;2021;marzo;15;13363.75;27.00;19.00;61.00;61.00;34.00;205.80;82.00;19.00;15.00;5.00
637;16/03/2021;2021;marzo;16;13112.50;27.00;20.00;65.00;65.00;33.00;201.30;87.00;20.00;22.00;5.00
638;17/03/2021;2021;marzo;17;14331.25;27.00;20.00;66.00;66.00;36.00;217.50;94.00;21.00;21.00;5.00
639;18/03/2021;2021;marzo;18;13015.00;27.00;17.00;62.00;62.00;33.00;200.30;86.00;18.00;19.00;5.00
640;19/03/2021;2021;marzo;19;9359.38;20.00;14.00;46.00;46.00;25.00;148.50;63.00;17.00;14.00;5.00
641;20/03/2021;2021;marzo;20;700.00;1.00;1.00;3.00;3.00;1.00;8.00;3.00;1.00;0.00;1.00
642;22/03/2021;2021;marzo;22;12692.50;26.00;20.00;67.00;68.00;36.00;200.00;90.00;21.00;23.00;5.00
643;23/03/2021;2021;marzo;23;14390.83;28.00;19.00;78.00;78.00;37.00;222.30;109.00;22.00;26.00;5.00
644;24/03/2021;2021;marzo;24;12047.50;26.00;15.00;61.00;62.00;31.00;190.00;88.00;25.00;15.00;5.00
645;25/03/2021;2021;marzo;25;12835.00;26.00;15.00;65.00;66.00;31.00;198.00;91.00;22.00;17.00;5.00
646;26/03/2021;2021;marzo;26;13497.50;26.00;19.00;68.00;70.00;37.00;209.00;95.00;22.00;17.00;5.00
647;29/03/2021;2021;marzo;29;9550.00;20.00;14.00;54.00;54.00;24.00;146.80;70.00;19.00;17.00;5.00
648;30/03/2021;2021;marzo;30;9010.00;20.00;16.00;46.00;46.00;28.00;138.50;63.00;17.00;15.00;5.00
649;31/03/2021;2021;marzo;31;7477.50;14.00;10.00;35.00;35.00;21.00;108.30;45.00;16.00;12.00;5.00
650;01/04/2021;2021;abril;1;2850.00;7.00;10.00;16.00;16.00;13.00;38.00;21.00;10.00;4.00;4.00
651;02/04/2021;2021;abril;2;1593.75;4.00;5.00;5.00;5.00;5.00;25.50;7.00;4.00;0.00;3.00
652;05/04/2021;2021;abril;5;9725.00;21.00;15.00;47.00;48.00;28.00;162.80;69.00;21.00;28.00;5.00
653;06/04/2021;2021;abril;6;12743.75;26.00;19.00;68.00;68.00;34.00;199.50;90.00;22.00;27.00;6.00
654;07/04/2021;2021;abril;7;13367.50;28.00;18.00;64.00;64.00;33.00;209.30;103.00;22.00;24.00;4.00
655;08/04/2021;2021;abril;8;13677.50;28.00;19.00;69.00;69.00;37.00;217.50;97.00;19.00;25.00;6.00
656;09/04/2021;2021;abril;9;11650.00;26.00;16.00;61.00;61.00;30.00;191.30;85.00;23.00;32.00;5.00
657;11/04/2021;2021;abril;11;175.00;1.00;1.00;1.00;1.00;1.00;2.00;1.00;1.00;0.00;1.00
658;12/04/2021;2021;abril;12;12541.25;27.00;19.00;75.00;76.00;41.00;202.00;100.00;26.00;18.00;6.00
659;13/04/2021;2021;abril;13;13336.25;27.00;20.00;74.00;74.00;42.00;210.50;100.00;25.00;22.00;6.00
660;14/04/2021;2021;abril;14;12292.50;27.00;17.00;63.00;63.00;34.00;200.00;91.00;18.00;28.00;5.00
661;15/04/2021;2021;abril;15;11629.38;27.00;16.00;55.00;55.00;30.00;191.80;85.00;17.00;22.00;5.00
662;16/04/2021;2021;abril;16;12316.88;27.00;15.00;56.00;56.00;24.00;198.50;87.00;19.00;30.00;5.00
663;17/04/2021;2021;abril;17;875.00;1.00;1.00;1.00;1.00;1.00;10.00;1.00;1.00;0.00;1.00
664;19/04/2021;2021;abril;19;12961.25;27.00;15.00;70.00;71.00;31.00;204.80;96.00;17.00;33.00;5.00
665;20/04/2021;2021;abril;20;13317.50;28.00;13.00;63.00;63.00;27.00;209.00;90.00;17.00;34.00;6.00
666;21/04/2021;2021;abril;21;13047.50;29.00;14.00;67.00;67.00;28.00;211.50;89.00;17.00;35.00;5.00
667;22/04/2021;2021;abril;22;13275.00;28.00;16.00;69.00;69.00;30.00;213.80;99.00;20.00;30.00;6.00
668;23/04/2021;2021;abril;23;11422.08;26.00;15.00;63.00;63.00;32.00;191.30;84.00;20.00;32.00;5.00
669;24/04/2021;2021;abril;24;350.00;1.00;1.00;1.00;1.00;1.00;4.00;1.00;1.00;0.00;1.00
670;26/04/2021;2021;abril;26;11513.75;25.00;13.00;57.00;58.00;27.00;194.50;82.00;22.00;33.00;6.00
671;27/04/2021;2021;abril;27;13010.83;28.00;16.00;66.00;66.00;33.00;214.10;93.00;21.00;33.00;5.00
672;28/04/2021;2021;abril;28;13251.25;28.00;13.00;76.00;76.00;30.00;214.30;104.00;23.00;34.00;6.00
673;29/04/2021;2021;abril;29;12518.75;28.00;15.00;74.00;74.00;30.00;205.80;101.00;25.00;27.00;6.00
674;30/04/2021;2021;abril;30;10937.50;24.00;13.00;65.00;65.00;24.00;178.80;87.00;21.00;26.00;6.00
675;01/05/2021;2021;mayo;1;656.25;2.00;3.00;3.00;3.00;3.00;7.50;3.00;3.00;1.00;3.00
676;03/05/2021;2021;mayo;3;9406.25;19.00;12.00;61.00;61.00;25.00;144.80;76.00;18.00;31.00;6.00
677;04/05/2021;2021;mayo;4;12244.38;28.00;15.00;68.00;68.00;29.00;193.80;89.00;20.00;35.00;5.00
678;05/05/2021;2021;mayo;5;13250.00;29.00;16.00;74.00;74.00;31.00;213.80;100.00;16.00;32.00;6.00
679;06/05/2021;2021;mayo;6;13851.25;29.00;15.00;78.00;78.00;31.00;220.50;104.00;22.00;35.00;6.00
680;07/05/2021;2021;mayo;7;13258.13;28.00;15.00;69.00;69.00;26.00;211.80;97.00;24.00;38.00;5.00
681;08/05/2021;2021;mayo;8;262.50;1.00;1.00;1.00;1.00;1.00;3.00;1.00;1.00;0.00;1.00
682;09/05/2021;2021;mayo;9;262.50;1.00;2.00;3.00;3.00;2.00;3.00;3.00;2.00;0.00;2.00
683;10/05/2021;2021;mayo;10;13740.00;29.00;20.00;79.00;79.00;37.00;215.50;106.00;28.00;27.00;5.00
684;11/05/2021;2021;mayo;11;14106.25;29.00;18.00;88.00;88.00;37.00;218.80;114.00;23.00;30.00;5.00
685;12/05/2021;2021;mayo;12;13806.25;27.00;17.00;73.00;73.00;32.00;219.30;98.00;22.00;23.00;6.00
686;13/05/2021;2021;mayo;13;11060.00;26.00;14.00;59.00;59.00;32.00;190.50;85.00;21.00;17.00;6.00
687;14/05/2021;2021;mayo;14;11160.00;26.00;14.00;61.00;61.00;29.00;186.30;88.00;19.00;21.00;5.00
688;17/05/2021;2021;mayo;17;12170.00;27.00;18.00;64.00;64.00;28.00;197.30;92.00;24.00;13.00;5.00
689;18/05/2021;2021;mayo;18;12642.50;28.00;17.00;71.00;72.00;32.00;206.50;103.00;18.00;15.00;5.00
690;19/05/2021;2021;mayo;19;11406.25;26.00;16.00;56.00;56.00;30.00;192.50;86.00;18.00;16.00;5.00
691;20/05/2021;2021;mayo;20;13038.75;28.00;17.00;61.00;61.00;32.00;207.80;88.00;21.00;15.00;5.00
692;21/05/2021;2021;mayo;21;12835.00;28.00;14.00;52.00;52.00;25.00;205.50;79.00;16.00;14.00;5.00
693;22/05/2021;2021;mayo;22;120.00;1.00;1.00;1.00;1.00;1.00;1.50;1.00;1.00;1.00;1.00
694;24/05/2021;2021;mayo;24;4477.50;10.00;8.00;19.00;19.00;11.00;77.30;29.00;8.00;8.00;5.00
695;25/05/2021;2021;mayo;25;12634.38;27.00;12.00;55.00;55.00;27.00;202.00;81.00;19.00;21.00;5.00
696;26/05/2021;2021;mayo;26;12293.75;26.00;17.00;67.00;67.00;36.00;201.80;93.00;18.00;26.00;5.00
697;27/05/2021;2021;mayo;27;12876.25;27.00;13.00;64.00;64.00;29.00;213.30;93.00;18.00;25.00;5.00
698;28/05/2021;2021;mayo;28;10615.00;26.00;14.00;55.00;55.00;29.00;180.30;79.00;21.00;29.00;5.00
699;31/05/2021;2021;mayo;31;7542.50;15.00;12.00;42.00;42.00;21.00;110.80;52.00;15.00;15.00;5.00
700;01/06/2021;2021;junio;1;12467.50;25.00;19.00;73.00;74.00;38.00;194.00;95.00;28.00;27.00;5.00
701;02/06/2021;2021;junio;2;11220.00;24.00;17.00;71.00;71.00;31.00;182.00;94.00;26.00;29.00;5.00
702;03/06/2021;2021;junio;3;7325.00;14.00;14.00;47.00;47.00;23.00;109.30;56.00;19.00;14.00;5.00
703;04/06/2021;2021;junio;4;9463.13;19.00;17.00;47.00;47.00;27.00;143.50;59.00;20.00;13.00;5.00
704;05/06/2021;2021;junio;5;593.75;1.00;1.00;1.00;1.00;1.00;9.50;1.00;1.00;0.00;1.00
705;07/06/2021;2021;junio;7;13990.77;28.00;18.00;72.00;72.00;30.00;214.80;94.00;22.00;13.00;5.00
706;08/06/2021;2021;junio;8;14002.50;29.00;21.00;72.00;72.00;32.00;219.50;93.00;22.00;22.00;5.00
707;09/06/2021;2021;junio;9;13650.00;29.00;17.00;71.00;72.00;34.00;215.30;93.00;22.00;23.00;5.00
708;10/06/2021;2021;junio;10;14250.00;29.00;19.00;77.00;77.00;31.00;223.00;101.00;21.00;24.00;5.00
709;11/06/2021;2021;junio;11;12711.88;27.00;17.00;74.00;74.00;28.00;204.30;94.00;20.00;22.00;5.00
710;12/06/2021;2021;junio;12;43.75;1.00;1.00;1.00;1.00;1.00;0.50;1.00;1.00;0.00;1.00
711;14/06/2021;2021;junio;14;14974.38;30.00;19.00;95.00;96.00;35.00;233.00;120.00;26.00;23.00;5.00
712;15/06/2021;2021;junio;15;15646.25;31.00;21.00;81.00;82.00;34.00;242.80;111.00;25.00;29.00;5.00
713;16/06/2021;2021;junio;16;14458.13;31.00;17.00;86.00;87.00;33.00;225.80;114.00;20.00;31.00;5.00
714;17/06/2021;2021;junio;17;15254.38;31.00;19.00;78.00;79.00;33.00;237.30;105.00;23.00;22.00;5.00
715;18/06/2021;2021;junio;18;14245.00;30.00;19.00;83.00;84.00;33.00;223.00;109.00;24.00;38.00;5.00
716;19/06/2021;2021;junio;19;156.25;1.00;1.00;2.00;2.00;2.00;2.50;2.00;1.00;0.00;2.00
717;20/06/2021;2021;junio;20;125.00;1.00;1.00;1.00;1.00;1.00;2.00;1.00;1.00;1.00;1.00
718;21/06/2021;2021;junio;21;13825.00;28.00;18.00;75.00;76.00;34.00;215.00;97.00;24.00;25.00;5.00
719;22/06/2021;2021;junio;22;15591.25;30.00;18.00;84.00;84.00;39.00;240.80;113.00;23.00;36.00;5.00
720;23/06/2021;2021;junio;23;13282.50;29.00;18.00;70.00;70.00;34.00;215.00;96.00;25.00;27.00;5.00
721;24/06/2021;2021;junio;24;15041.25;31.00;18.00;79.00;79.00;35.00;234.30;114.00;23.00;25.00;5.00
722;25/06/2021;2021;junio;25;13538.13;31.00;19.00;91.00;92.00;34.00;214.80;120.00;21.00;36.00;5.00
723;26/06/2021;2021;junio;26;306.25;1.00;1.00;1.00;1.00;1.00;3.50;1.00;1.00;0.00;1.00
724;28/06/2021;2021;junio;28;14355.63;29.00;19.00;91.00;91.00;34.00;219.80;115.00;27.00;33.00;5.00
725;29/06/2021;2021;junio;29;13676.25;28.00;19.00;68.00;69.00;30.00;209.50;93.00;22.00;19.00;5.00
726;30/06/2021;2021;junio;30;13881.88;28.00;16.00;66.00;66.00;30.00;213.50;94.00;24.00;23.00;5.00
727;01/07/2021;2021;julio;1;13705.63;27.00;15.00;63.00;63.00;26.00;208.80;86.00;23.00;26.00;6.00
728;02/07/2021;2021;julio;2;13583.75;26.00;14.00;66.00;66.00;30.00;203.00;90.00;21.00;25.00;5.00
729;03/07/2021;2021;julio;3;262.50;1.00;1.00;1.00;1.00;1.00;3.00;1.00;1.00;0.00;1.00
730;05/07/2021;2021;julio;5;13203.75;26.00;16.00;68.00;68.00;28.00;202.30;91.00;23.00;27.00;5.00
731;06/07/2021;2021;julio;6;12722.50;26.00;17.00;73.00;74.00;26.00;195.30;101.00;23.00;28.00;5.00
732;07/07/2021;2021;julio;7;11870.00;24.00;18.00;58.00;58.00;28.00;187.80;78.00;22.00;26.00;5.00
733;08/07/2021;2021;julio;8;11701.25;24.00;16.00;59.00;59.00;31.00;180.50;81.00;22.00;31.00;6.00
734;09/07/2021;2021;julio;9;9916.88;22.00;15.00;49.00;49.00;23.00;154.80;70.00;18.00;28.00;6.00
735;12/07/2021;2021;julio;12;12363.75;24.00;15.00;63.00;63.00;25.00;187.00;80.00;21.00;39.00;5.00
736;13/07/2021;2021;julio;13;11805.63;24.00;12.00;75.00;75.00;26.00;177.80;103.00;18.00;33.00;6.00
737;14/07/2021;2021;julio;14;10005.63;23.00;14.00;43.00;44.00;22.00;164.50;67.00;18.00;23.00;6.00
738;15/07/2021;2021;julio;15;10293.75;22.00;13.00;65.00;65.00;24.00;164.80;82.00;18.00;36.00;6.00
739;16/07/2021;2021;julio;16;9256.25;21.00;13.00;53.00;53.00;23.00;150.00;69.00;21.00;23.00;5.00
740;19/07/2021;2021;julio;19;10925.00;24.00;13.00;64.00;64.00;26.00;173.80;83.00;20.00;29.00;5.00
741;20/07/2021;2021;julio;20;12032.50;25.00;16.00;62.00;62.00;24.00;187.30;82.00;19.00;22.00;5.00
742;21/07/2021;2021;julio;21;12027.50;26.00;15.00;65.00;66.00;24.00;187.50;88.00;20.00;30.00;5.00
743;22/07/2021;2021;julio;22;12104.38;26.00;16.00;60.00;61.00;31.00;189.00;85.00;19.00;35.00;5.00
744;23/07/2021;2021;julio;23;11161.88;24.00;14.00;56.00;56.00;27.00;177.50;72.00;15.00;24.00;6.00
745;24/07/2021;2021;julio;24;437.50;1.00;1.00;1.00;1.00;1.00;5.00;1.00;1.00;1.00;1.00
746;25/07/2021;2021;julio;25;350.00;1.00;1.00;1.00;1.00;1.00;4.00;1.00;1.00;0.00;1.00
747;26/07/2021;2021;julio;26;9968.75;21.00;15.00;62.00;62.00;27.00;157.30;76.00;17.00;20.00;5.00
748;27/07/2021;2021;julio;27;9974.38;21.00;12.00;48.00;48.00;19.00;157.80;64.00;18.00;15.00;5.00
749;28/07/2021;2021;julio;28;8927.50;20.00;15.00;44.00;44.00;27.00;145.30;60.00;16.00;21.00;5.00
750;29/07/2021;2021;julio;29;8695.00;20.00;18.00;54.00;54.00;32.00;140.30;68.00;19.00;20.00;4.00
751;30/07/2021;2021;julio;30;7151.88;14.00;13.00;36.00;36.00;24.00;103.80;49.00;15.00;17.00;5.00
752;28/09/2021;2021;septiembre;28;15005.00;29.00;16.00;77.00;77.00;25.00;232.50;111.00;25.00;47.00;5.00
753;29/09/2021;2021;septiembre;29;13293.75;26.00;15.00;92.00;93.00;24.00;212.30;125.00;24.00;58.00;5.00
754;30/09/2021;2021;septiembre;30;14430.00;29.00;14.00;91.00;92.00;28.00;226.30;130.00;22.00;34.00;5.00
755;01/10/2021;2021;octubre;1;14945.00;29.00;16.00;84.00;85.00;28.00;234.50;117.00;21.00;33.00;5.00
756;02/10/2021;2021;octubre;2;1400.00;5.00;3.00;6.00;6.00;4.00;18.50;6.00;3.00;3.00;3.00
757;03/10/2021;2021;octubre;3;1487.50;4.00;3.00;9.00;9.00;5.00;19.50;10.00;4.00;1.00;3.00
758;04/10/2021;2021;octubre;4;15641.67;31.00;15.00;84.00;84.00;28.00;242.30;114.00;22.00;31.00;5.00
759;05/10/2021;2021;octubre;5;15100.00;30.00;18.00;85.00;86.00;39.00;236.50;116.00;22.00;26.00;5.00
760;06/10/2021;2021;octubre;6;14746.25;30.00;17.00;82.00;83.00;36.00;233.50;112.00;23.00;27.00;5.00
761;07/10/2021;2021;octubre;7;16376.25;31.00;13.00;81.00;82.00;29.00;251.30;122.00;23.00;42.00;5.00
762;08/10/2021;2021;octubre;8;16577.92;32.00;15.00;85.00;85.00;30.00;255.30;118.00;24.00;44.00;5.00
763;10/10/2021;2021;octubre;10;665.00;2.00;1.00;2.00;2.00;2.00;8.50;2.00;2.00;0.00;2.00
764;11/10/2021;2021;octubre;11;13277.50;26.00;12.00;74.00;75.00;27.00;205.30;100.00;25.00;42.00;5.00
765;12/10/2021;2021;octubre;12;3852.50;7.00;7.00;21.00;21.00;15.00;43.50;23.00;7.00;6.00;5.00
766;13/10/2021;2021;octubre;13;15270.00;31.00;14.00;79.00;79.00;34.00;241.50;122.00;22.00;44.00;5.00
767;14/10/2021;2021;octubre;14;16317.08;32.00;15.00;81.00;81.00;35.00;253.70;115.00;26.00;28.00;5.00
768;15/10/2021;2021;octubre;15;16086.25;31.00;17.00;87.00;87.00;34.00;248.50;117.00;23.00;27.00;5.00
769;16/10/2021;2021;octubre;16;662.50;2.00;2.00;4.00;4.00;2.00;10.00;4.00;1.00;2.00;3.00
770;17/10/2021;2021;octubre;17;637.50;2.00;1.00;2.00;2.00;1.00;8.00;2.00;1.00;2.00;1.00
771;18/10/2021;2021;octubre;18;18531.25;34.00;16.00;104.00;104.00;35.00;284.30;139.00;24.00;41.00;5.00
772;19/10/2021;2021;octubre;19;17758.75;34.00;16.00;91.00;91.00;39.00;267.50;133.00;23.00;41.00;5.00
773;20/10/2021;2021;octubre;20;16473.75;35.00;18.00;81.00;81.00;40.00;258.50;124.00;25.00;31.00;5.00
774;21/10/2021;2021;octubre;21;18410.00;35.00;15.00;85.00;86.00;32.00;281.00;126.00;23.00;37.00;6.00
775;22/10/2021;2021;octubre;22;16778.75;34.00;15.00;96.00;96.00;37.00;257.50;130.00;25.00;32.00;5.00
776;23/10/2021;2021;octubre;23;1482.50;3.00;2.00;6.00;6.00;3.00;19.00;6.00;3.00;6.00;1.00
777;24/10/2021;2021;octubre;24;35.00;1.00;1.00;1.00;1.00;1.00;1.00;1.00;1.00;1.00;1.00
778;25/10/2021;2021;octubre;25;17434.17;34.00;16.00;92.00;93.00;38.00;264.80;129.00;26.00;44.00;6.00
779;26/10/2021;2021;octubre;26;19383.75;36.00;18.00;113.00;113.00;39.00;291.30;152.00;26.00;58.00;6.00
780;27/10/2021;2021;octubre;27;17189.00;34.00;13.00;94.00;94.00;33.00;267.60;129.00;26.00;45.00;6.00
781;28/10/2021;2021;octubre;28;19994.38;36.00;15.00;111.00;111.00;39.00;299.80;156.00;24.00;52.00;6.00
782;29/10/2021;2021;octubre;29;18722.08;36.00;16.00;97.00;97.00;39.00;282.20;138.00;27.00;40.00;5.00
783;01/11/2021;2021;noviembre;1;3768.13;7.00;5.00;10.00;10.00;10.00;42.50;13.00;7.00;2.00;3.00
784;02/11/2021;2021;noviembre;2;17713.75;34.00;16.00;96.00;96.00;39.00;267.30;128.00;25.00;40.00;5.00
785;03/11/2021;2021;noviembre;3;16565.00;33.00;15.00;107.00;108.00;34.00;254.00;146.00;30.00;45.00;5.00
786;04/11/2021;2021;noviembre;4;17518.75;34.00;20.00;98.00;102.00;36.00;267.30;138.00;27.00;35.00;5.00
787;05/11/2021;2021;noviembre;5;15621.25;33.00;16.00;83.00;84.00;31.00;235.30;115.00;24.00;37.00;5.00
788;06/11/2021;2021;noviembre;6;1012.50;3.00;3.00;3.00;3.00;3.00;13.00;3.00;2.00;0.00;2.00
789;07/11/2021;2021;noviembre;7;1032.50;3.00;3.00;3.00;3.00;3.00;13.00;3.00;3.00;3.00;1.00
790;08/11/2021;2021;noviembre;8;15223.75;29.00;13.00;87.00;88.00;30.00;230.50;124.00;21.00;50.00;5.00
791;09/11/2021;2021;noviembre;9;11988.75;22.00;15.00;76.00;78.00;33.00;181.00;104.00;21.00;38.00;5.00
792;10/11/2021;2021;noviembre;10;16490.00;32.00;17.00;93.00;93.00;42.00;259.50;122.00;24.00;39.00;5.00
793;11/11/2021;2021;noviembre;11;16564.38;32.00;17.00;98.00;98.00;44.00;258.30;139.00;24.00;46.00;5.00
794;12/11/2021;2021;noviembre;12;16595.63;33.00;14.00;89.00;90.00;36.00;248.80;121.00;24.00;45.00;5.00
795;15/11/2021;2021;noviembre;15;16037.50;33.00;19.00;101.00;101.00;40.00;246.30;137.00;26.00;38.00;5.00
796;16/11/2021;2021;noviembre;16;16559.88;32.00;18.00;92.00;92.00;39.00;253.00;130.00;22.00;48.00;5.00
797;17/11/2021;2021;noviembre;17;16440.00;34.00;18.00;99.00;99.00;46.00;252.00;135.00;27.00;51.00;5.00
798;18/11/2021;2021;noviembre;18;18507.50;34.00;18.00;107.00;108.00;40.00;277.50;147.00;24.00;42.00;5.00
799;19/11/2021;2021;noviembre;19;16177.92;31.00;17.00;86.00;86.00;38.00;243.20;122.00;23.00;33.00;5.00
800;20/11/2021;2021;noviembre;20;1400.00;2.00;2.00;2.00;2.00;2.00;16.00;2.00;1.00;1.00;2.00
801;21/11/2021;2021;noviembre;21;743.75;1.00;1.00;1.00;1.00;1.00;8.50;1.00;1.00;0.00;1.00
802;22/11/2021;2021;noviembre;22;17077.50;34.00;17.00;106.00;106.00;38.00;262.50;144.00;22.00;42.00;5.00
803;23/11/2021;2021;noviembre;23;16935.63;34.00;18.00;99.00;99.00;35.00;264.80;147.00;24.00;40.00;5.00
804;24/11/2021;2021;noviembre;24;18160.00;34.00;16.00;107.00;107.00;32.00;280.50;149.00;25.00;57.00;5.00
805;25/11/2021;2021;noviembre;25;18430.00;35.00;16.00;112.00;112.00;43.00;280.50;149.00;27.00;43.00;5.00
806;26/11/2021;2021;noviembre;26;16250.63;30.00;17.00;85.00;85.00;35.00;238.80;122.00;19.00;35.00;5.00
807;27/11/2021;2021;noviembre;27;837.50;3.00;4.00;7.00;7.00;5.00;12.30;7.00;3.00;3.00;3.00
808;28/11/2021;2021;noviembre;28;612.50;1.00;1.00;1.00;1.00;1.00;7.00;1.00;1.00;1.00;1.00
809;29/11/2021;2021;noviembre;29;17820.00;33.00;18.00;108.00;108.00;38.00;265.50;142.00;27.00;44.00;5.00
810;30/11/2021;2021;noviembre;30;18130.00;35.00;18.00;95.00;95.00;39.00;272.00;134.00;24.00;33.00;5.00
811;01/12/2021;2021;diciembre;1;17538.75;35.00;16.00;97.00;97.00;39.00;269.50;141.00;25.00;51.00;6.00
812;02/12/2021;2021;diciembre;2;17463.75;35.00;18.00;91.00;91.00;41.00;265.80;136.00;23.00;39.00;6.00
813;03/12/2021;2021;diciembre;3;16282.50;33.00;19.00;86.00;86.00;35.00;248.00;125.00;20.00;33.00;5.00
814;04/12/2021;2021;diciembre;4;150.00;1.00;1.00;1.00;1.00;1.00;2.00;1.00;1.00;0.00;1.00
815;05/12/2021;2021;diciembre;5;587.50;2.00;2.00;2.00;2.00;2.00;7.00;2.00;2.00;0.00;2.00
816;06/12/2021;2021;diciembre;6;5073.75;10.00;11.00;28.00;29.00;18.00;59.50;31.00;10.00;4.00;5.00
817;07/12/2021;2021;diciembre;7;10053.75;21.00;14.00;71.00;72.00;25.00;144.30;87.00;16.00;18.00;5.00
818;08/12/2021;2021;diciembre;8;5246.25;10.00;9.00;30.00;30.00;15.00;63.00;31.00;11.00;14.00;4.00
819;09/12/2021;2021;diciembre;9;15758.75;30.00;19.00;85.00;85.00;30.00;236.80;127.00;19.00;40.00;5.00
820;10/12/2021;2021;diciembre;10;13533.75;28.00;16.00;69.00;69.00;30.00;206.80;101.00;23.00;40.00;5.00
821;11/12/2021;2021;diciembre;11;1012.50;2.00;2.00;4.00;4.00;3.00;11.00;4.00;2.00;0.00;3.00
822;13/12/2021;2021;diciembre;13;15006.25;31.00;15.00;75.00;75.00;31.00;232.30;108.00;17.00;24.00;6.00
823;14/12/2021;2021;diciembre;14;16708.75;34.00;18.00;84.00;84.00;34.00;250.80;123.00;24.00;27.00;6.00
824;15/12/2021;2021;diciembre;15;15808.75;33.00;17.00;84.00;84.00;33.00;240.00;121.00;23.00;29.00;6.00
825;16/12/2021;2021;diciembre;16;16062.50;32.00;16.00;82.00;82.00;29.00;242.00;121.00;22.00;38.00;6.00
826;17/12/2021;2021;diciembre;17;14647.50;31.00;19.00;85.00;85.00;31.00;219.00;121.00;21.00;43.00;6.00
827;20/12/2021;2021;diciembre;20;13881.25;29.00;19.00;80.00;80.00;33.00;212.80;113.00;21.00;29.00;6.00
828;21/12/2021;2021;diciembre;21;13352.50;27.00;15.00;69.00;69.00;25.00;206.50;99.00;22.00;27.00;5.00
829;22/12/2021;2021;diciembre;22;11176.25;24.00;15.00;56.00;56.00;25.00;177.30;79.00;22.00;21.00;5.00
830;23/12/2021;2021;diciembre;23;10653.75;23.00;10.00;49.00;49.00;18.00;166.30;84.00;22.00;22.00;5.00
831;24/12/2021;2021;diciembre;24;8387.50;17.00;11.00;31.00;31.00;18.00;128.00;51.00;11.00;14.00;5.00
832;27/12/2021;2021;diciembre;27;8372.50;16.00;10.00;45.00;45.00;15.00;125.80;63.00;17.00;22.00;5.00
833;28/12/2021;2021;diciembre;28;8690.00;18.00;13.00;45.00;45.00;20.00;131.30;68.00;18.00;18.00;5.00
834;29/12/2021;2021;diciembre;29;8201.25;16.00;11.00;49.00;49.00;19.00;123.80;69.00;14.00;26.00;5.00
835;30/12/2021;2021;diciembre;30;8061.25;16.00;8.00;40.00;40.00;14.00;120.30;53.00;13.00;18.00;5.00
836;31/12/2021;2021;diciembre;31;5050.00;11.00;9.00;24.00;24.00;12.00;77.00;35.00;9.00;14.00;5.00
837;03/01/2022;2022;enero;3;12057.50;21.00;15.00;59.00;59.00;21.00;171.00;81.00;20.00;22.00;5.00
838;04/01/2022;2022;enero;4;12670.00;22.00;15.00;57.00;58.00;23.00;178.00;83.00;19.00;14.00;5.00
839;05/01/2022;2022;enero;5;11188.75;21.00;14.00;61.00;61.00;20.00;161.50;88.00;19.00;17.00;5.00
840;06/01/2022;2022;enero;6;2537.50;3.00;5.00;10.00;10.00;7.00;26.50;10.00;3.00;1.00;4.00
841;07/01/2022;2022;enero;7;10643.75;21.00;15.00;56.00;56.00;23.00;156.30;77.00;21.00;19.00;5.00
842;08/01/2022;2022;enero;8;150.00;1.00;1.00;1.00;1.00;1.00;2.00;1.00;1.00;0.00;1.00
843;09/01/2022;2022;enero;9;175.00;1.00;1.00;1.00;1.00;1.00;2.00;1.00;1.00;0.00;1.00
844;10/01/2022;2022;enero;10;16897.50;33.00;19.00;79.00;80.00;28.00;251.50;123.00;27.00;31.00;5.00
845;11/01/2022;2022;enero;11;17693.75;32.00;18.00;75.00;76.00;27.00;257.00;111.00;20.00;29.00;5.00
846;12/01/2022;2022;enero;12;15294.38;30.00;14.00;75.00;76.00;21.00;228.00;109.00;26.00;30.00;5.00
847;13/01/2022;2022;enero;13;17761.25;34.00;17.00;98.00;98.00;28.00;261.00;137.00;29.00;37.00;5.00
848;14/01/2022;2022;enero;14;16360.00;32.00;19.00;79.00;79.00;30.00;249.00;124.00;28.00;27.00;5.00
849;15/01/2022;2022;enero;15;360.00;1.00;1.00;2.00;2.00;1.00;4.50;2.00;2.00;0.00;1.00
850;16/01/2022;2022;enero;16;510.00;2.00;2.00;2.00;2.00;2.00;6.00;2.00;2.00;1.00;2.00
851;17/01/2022;2022;enero;17;16842.50;33.00;18.00;82.00;82.00;29.00;251.00;114.00;26.00;35.00;6.00
852;18/01/2022;2022;enero;18;17726.88;33.00;19.00;85.00;85.00;30.00;260.00;120.00;24.00;40.00;6.00
853;19/01/2022;2022;enero;19;17140.00;33.00;19.00;73.00;73.00;26.00;256.80;108.00;21.00;29.00;6.00
854;20/01/2022;2022;enero;20;17870.00;35.00;21.00;87.00;88.00;29.00;268.80;131.00;27.00;33.00;5.00
855;21/01/2022;2022;enero;21;17585.00;34.00;19.00;90.00;90.00;28.00;259.30;127.00;25.00;26.00;5.00
856;22/01/2022;2022;enero;22;525.00;1.00;1.00;1.00;1.00;1.00;6.00;1.00;1.00;0.00;1.00
857;24/01/2022;2022;enero;24;18242.50;35.00;17.00;88.00;88.00;26.00;268.30;129.00;25.00;29.00;5.00
858;25/01/2022;2022;enero;25;18000.00;35.00;20.00;94.00;94.00;30.00;270.00;133.00;23.00;29.00;6.00
859;26/01/2022;2022;enero;26;16225.00;32.00;19.00;78.00;79.00;33.00;250.50;119.00;26.00;30.00;5.00
860;27/01/2022;2022;enero;27;18528.75;35.00;17.00;86.00;87.00;27.00;275.80;142.00;24.00;28.00;5.00
861;28/01/2022;2022;enero;28;16473.75;33.00;18.00;83.00;84.00;27.00;247.00;118.00;24.00;24.00;5.00
862;29/01/2022;2022;enero;29;437.50;1.00;1.00;1.00;1.00;1.00;5.00;1.00;1.00;0.00;1.00
863;31/01/2022;2022;enero;31;19103.75;36.00;14.00;92.00;92.00;27.00;281.00;134.00;27.00;31.00;5.00
864;01/02/2022;2022;febrero;1;17680.00;34.00;18.00;88.00;88.00;35.00;262.80;130.00;23.00;29.00;6.00
865;02/02/2022;2022;febrero;2;17598.75;35.00;21.00;101.00;101.00;34.00;264.00;139.00;24.00;40.00;5.00
866;03/02/2022;2022;febrero;3;18890.00;37.00;19.00;101.00;101.00;32.00;280.30;143.00;28.00;28.00;5.00
867;04/02/2022;2022;febrero;4;18136.61;36.00;19.00;97.00;98.00;31.00;270.20;138.00;28.00;41.00;5.00
868;05/02/2022;2022;febrero;5;437.50;1.00;1.00;1.00;1.00;1.00;5.00;1.00;1.00;1.00;1.00
869;06/02/2022;2022;febrero;6;437.50;1.00;2.00;3.00;3.00;3.00;5.00;3.00;1.00;0.00;2.00
870;07/02/2022;2022;febrero;7;19222.50;38.00;19.00;106.00;106.00;36.00;287.30;148.00;27.00;36.00;5.00
871;08/02/2022;2022;febrero;8;18982.50;38.00;18.00;105.00;105.00;29.00;281.50;150.00;26.00;40.00;5.00
872;09/02/2022;2022;febrero;9;16883.13;35.00;17.00;94.00;94.00;27.00;260.50;134.00;25.00;28.00;6.00
873;10/02/2022;2022;febrero;10;19062.50;38.00;20.00;90.00;90.00;33.00;284.80;142.00;27.00;26.00;6.00
874;11/02/2022;2022;febrero;11;18327.50;37.00;19.00;89.00;90.00;34.00;275.70;140.00;26.00;27.00;5.00
875;12/02/2022;2022;febrero;12;262.50;1.00;1.00;1.00;1.00;1.00;3.00;1.00;1.00;0.00;1.00
876;14/02/2022;2022;febrero;14;18602.50;38.00;20.00;88.00;89.00;35.00;277.50;128.00;24.00;18.00;5.00
877;15/02/2022;2022;febrero;15;17308.75;35.00;19.00;89.00;89.00;30.00;260.80;139.00;21.00;23.00;5.00
878;16/02/2022;2022;febrero;16;17917.50;36.00;19.00;89.00;89.00;30.00;268.30;131.00;22.00;29.00;5.00
879;17/02/2022;2022;febrero;17;17336.25;35.00;19.00;89.00;89.00;33.00;262.00;136.00;28.00;34.00;5.00
880;18/02/2022;2022;febrero;18;15282.50;34.00;18.00;85.00;86.00;30.00;231.70;124.00;26.00;24.00;5.00
881;19/02/2022;2022;febrero;19;662.50;2.00;2.00;2.00;2.00;2.00;7.00;2.00;2.00;0.00;2.00
882;20/02/2022;2022;febrero;20;800.00;1.00;1.00;1.00;1.00;1.00;8.00;1.00;1.00;0.00;1.00
883;21/02/2022;2022;febrero;21;17100.00;35.00;21.00;92.00;93.00;31.00;260.30;132.00;29.00;29.00;5.00
884;22/02/2022;2022;febrero;22;17842.50;36.00;18.00;88.00;89.00;24.00;269.50;127.00;26.00;32.00;5.00
885;23/02/2022;2022;febrero;23;16603.75;35.00;18.00;96.00;96.00;28.00;255.80;139.00;25.00;33.00;5.00
886;24/02/2022;2022;febrero;24;17225.00;36.00;17.00;105.00;105.00;24.00;265.00;144.00;30.00;28.00;5.00
887;25/02/2022;2022;febrero;25;13380.00;31.00;15.00;76.00;76.00;22.00;211.50;112.00;27.00;24.00;5.00
888;28/02/2022;2022;febrero;28;14025.63;30.00;17.00;73.00;74.00;25.00;207.30;103.00;23.00;24.00;5.00
889;01/03/2022;2022;marzo;1;4618.04;16.00;12.00;39.00;39.00;16.00;62.00;49.00;13.00;18.00;5.00
